env_id,base_x,base_y,success_count,success_rate,avg_manip,min_manip,sr_min,prod_c,fg_score
0,0.1,0.0,101,0.2886,0.027501660694709475,3.7615887293895867e-08,0,0.0,0.0
1,0.2,0.0,138,0.3943,0.026271615748721087,1.1870430194349524e-09,0,0.0,0.0
2,0.3,0.0,247,0.7057,0.022502019554115998,1.477275546335477e-08,1,1.6186363678884588e-120,1.1422948081955696e-120
3,0.4,0.0,295,0.8429,0.016382908425228156,5.079006655250851e-07,1,1.3263163539360685e-126,1.1178952126032577e-126
4,0.5,0.0,12,0.0343,0.0036230865565206236,0.0005459518288262188,0,0.0,0.0
5,0.6,0.0,223,0.6371,0.00515078274685393,3.900945375789888e-05,0,0.0,0.0
6,0.7,0.0,238,0.68,0.009279406501537728,1.010577761917375e-06,0,0.0,0.0
7,0.8,0.0,3,0.0086,0.012868138185391823,0.0032917442731559277,0,0.0,0.0
8,0.9,0.0,0,0.0,0.0,0.0,0,0.0,0.0
9,1.0,0.0,0,0.0,0.0,0.0,0,0.0,0.0
10,1.1,0.0,0,0.0,0.0,0.0,0,0.0,0.0
11,1.2,0.0,0,0.0,0.0,0.0,0,0.0,0.0
12,1.3,0.0,0,0.0,0.0,0.0,0,0.0,0.0
13,1.4,0.0,0,0.0,0.0,0.0,0,0.0,0.0
14,1.5,0.0,0,0.0,0.0,0.0,0,0.0,0.0
