Env_ID,Waypoint,Angle_X,Pos_X,Pos_Y,Pos_Z,Error_mm,Manipulability_Index
0,waypoint_01,-30.0,-0.45999999999999996,-0.8303095437492864,1.0858581006057595,0.9523204644210637,0.007985753007233143
1,waypoint_01,-30.0,-0.45999999999999996,-0.8303095437492864,1.0858581006057595,0.4384785715956241,0.002727953251451254
2,waypoint_01,-30.0,-0.45999999999999996,-0.8303095437492864,1.0858581006057595,0.358881545253098,0.012399554252624512
3,waypoint_01,-30.0,-0.45999999999999996,-0.8303095437492864,1.0858581006057595,1.4776663156226277,0.005546345375478268
4,waypoint_01,-30.0,-0.45999999999999996,-0.8303095437492864,1.0858581006057595,0.5687116645276546,0.003613496897742152
5,waypoint_01,-30.0,-0.45999999999999996,-0.8303095437492864,1.0858581006057595,0.331292423652485,0.01062790397554636
0,waypoint_01,-15.0,-0.45999999999999996,-0.8303095437492864,1.0858581006057595,11.16977073252201,0.0
1,waypoint_01,-15.0,-0.45999999999999996,-0.8303095437492864,1.0858581006057595,14.122754335403442,0.0
2,waypoint_01,-15.0,-0.45999999999999996,-0.8303095437492864,1.0858581006057595,16.104256734251976,0.0
3,waypoint_01,-15.0,-0.45999999999999996,-0.8303095437492864,1.0858581006057595,10.853957384824753,0.0
4,waypoint_01,-15.0,-0.45999999999999996,-0.8303095437492864,1.0858581006057595,12.75525614619255,0.0
5,waypoint_01,-15.0,-0.45999999999999996,-0.8303095437492864,1.0858581006057595,15.420733951032162,0.0
0,waypoint_01,0.0,-0.45999999999999996,-0.8303095437492864,1.0858581006057595,0.004726464339910308,0.005742629524320364
1,waypoint_01,0.0,-0.45999999999999996,-0.8303095437492864,1.0858581006057595,0.02369417779846117,0.0026370405685156584
2,waypoint_01,0.0,-0.45999999999999996,-0.8303095437492864,1.0858581006057595,0.015037656339700334,0.009204448200762272
3,waypoint_01,0.0,-0.45999999999999996,-0.8303095437492864,1.0858581006057595,0.25416314019821584,1.7000125751565065e-07
4,waypoint_01,0.0,-0.45999999999999996,-0.8303095437492864,1.0858581006057595,0.13258559920359403,3.9898841919239203e-07
5,waypoint_01,0.0,-0.45999999999999996,-0.8303095437492864,1.0858581006057595,133.06526839733124,0.0
0,waypoint_01,15.0,-0.45999999999999996,-0.8303095437492864,1.0858581006057595,0.004739974883705145,0.004960580728948116
1,waypoint_01,15.0,-0.45999999999999996,-0.8303095437492864,1.0858581006057595,44.19465735554695,0.0
2,waypoint_01,15.0,-0.45999999999999996,-0.8303095437492864,1.0858581006057595,1.0750318178907037,0.00010976575140375644
3,waypoint_01,15.0,-0.45999999999999996,-0.8303095437492864,1.0858581006057595,27.79718115925789,0.0
4,waypoint_01,15.0,-0.45999999999999996,-0.8303095437492864,1.0858581006057595,164.25956785678864,0.0
5,waypoint_01,15.0,-0.45999999999999996,-0.8303095437492864,1.0858581006057595,250.42304396629333,0.0
0,waypoint_01,30.0,-0.45999999999999996,-0.8303095437492864,1.0858581006057595,0.005592682100541424,0.004493562038987875
1,waypoint_01,30.0,-0.45999999999999996,-0.8303095437492864,1.0858581006057595,47.67803102731705,0.0
2,waypoint_01,30.0,-0.45999999999999996,-0.8303095437492864,1.0858581006057595,120.09228765964508,0.0
3,waypoint_01,30.0,-0.45999999999999996,-0.8303095437492864,1.0858581006057595,27.326799929142,0.0
4,waypoint_01,30.0,-0.45999999999999996,-0.8303095437492864,1.0858581006057595,249.51326847076416,0.0
5,waypoint_01,30.0,-0.45999999999999996,-0.8303095437492864,1.0858581006057595,267.080694437027,0.0
0,waypoint_02,30.0,-0.4399999999999999,-0.8303095437492864,1.0858581006057595,0.011175830877618864,0.0050323735922575
1,waypoint_02,30.0,-0.4399999999999999,-0.8303095437492864,1.0858581006057595,15.225463546812534,0.0
2,waypoint_02,30.0,-0.4399999999999999,-0.8303095437492864,1.0858581006057595,104.19552773237228,0.0
3,waypoint_02,30.0,-0.4399999999999999,-0.8303095437492864,1.0858581006057595,172.01051115989685,0.0
4,waypoint_02,30.0,-0.4399999999999999,-0.8303095437492864,1.0858581006057595,245.55820226669312,0.0
5,waypoint_02,30.0,-0.4399999999999999,-0.8303095437492864,1.0858581006057595,265.8860683441162,0.0
0,waypoint_02,15.0,-0.4399999999999999,-0.8303095437492864,1.0858581006057595,0.004858418378717033,0.00621764687821269
1,waypoint_02,15.0,-0.4399999999999999,-0.8303095437492864,1.0858581006057595,50.79583451151848,0.0
2,waypoint_02,15.0,-0.4399999999999999,-0.8303095437492864,1.0858581006057595,0.007796654244884849,0.0003450781514402479
3,waypoint_02,15.0,-0.4399999999999999,-0.8303095437492864,1.0858581006057595,127.57186591625214,0.0
4,waypoint_02,15.0,-0.4399999999999999,-0.8303095437492864,1.0858581006057595,1.2090586824342608,1.2586809816639288e-07
5,waypoint_02,15.0,-0.4399999999999999,-0.8303095437492864,1.0858581006057595,233.78999531269073,0.0
0,waypoint_02,0.0,-0.4399999999999999,-0.8303095437492864,1.0858581006057595,0.0009902266810968285,0.007420574314892292
1,waypoint_02,0.0,-0.4399999999999999,-0.8303095437492864,1.0858581006057595,93.37670356035233,0.0
2,waypoint_02,0.0,-0.4399999999999999,-0.8303095437492864,1.0858581006057595,0.031817507988307625,0.008196619339287281
3,waypoint_02,0.0,-0.4399999999999999,-0.8303095437492864,1.0858581006057595,3.7631855811923742,0.0
4,waypoint_02,0.0,-0.4399999999999999,-0.8303095437492864,1.0858581006057595,0.017796952306525782,7.287271159839293e-07
5,waypoint_02,0.0,-0.4399999999999999,-0.8303095437492864,1.0858581006057595,103.77942770719528,0.0
0,waypoint_02,-15.0,-0.4399999999999999,-0.8303095437492864,1.0858581006057595,0.0043978375288133975,0.008705338463187218
1,waypoint_02,-15.0,-0.4399999999999999,-0.8303095437492864,1.0858581006057595,150.47690272331238,0.0
2,waypoint_02,-15.0,-0.4399999999999999,-0.8303095437492864,1.0858581006057595,0.0017068173292500433,0.010084660723805428
3,waypoint_02,-15.0,-0.4399999999999999,-0.8303095437492864,1.0858581006057595,0.014771883797948249,0.004411207512021065
4,waypoint_02,-15.0,-0.4399999999999999,-0.8303095437492864,1.0858581006057595,0.01706983857729938,0.001847107196226716
5,waypoint_02,-15.0,-0.4399999999999999,-0.8303095437492864,1.0858581006057595,0.007129672212613514,0.005848162807524204
0,waypoint_02,-30.0,-0.4399999999999999,-0.8303095437492864,1.0858581006057595,0.0032885347991395975,0.009852123446762562
1,waypoint_02,-30.0,-0.4399999999999999,-0.8303095437492864,1.0858581006057595,90.20814299583435,0.0
2,waypoint_02,-30.0,-0.4399999999999999,-0.8303095437492864,1.0858581006057595,0.005859776138095185,0.010348212905228138
3,waypoint_02,-30.0,-0.4399999999999999,-0.8303095437492864,1.0858581006057595,0.005507224159373436,0.007243220694363117
4,waypoint_02,-30.0,-0.4399999999999999,-0.8303095437492864,1.0858581006057595,0.009003261766338255,0.0024806992150843143
5,waypoint_02,-30.0,-0.4399999999999999,-0.8303095437492864,1.0858581006057595,0.018724967958405614,0.00941053219139576
0,waypoint_03,-30.0,-0.41999999999999993,-0.8303095437492864,1.0858581006057595,0.010329332326364238,0.011715603992342949
1,waypoint_03,-30.0,-0.41999999999999993,-0.8303095437492864,1.0858581006057595,0.013531172953662463,0.0026599490083754063
2,waypoint_03,-30.0,-0.41999999999999993,-0.8303095437492864,1.0858581006057595,0.010039977496489882,0.008307909592986107
3,waypoint_03,-30.0,-0.41999999999999993,-0.8303095437492864,1.0858581006057595,0.009076409696717747,0.008855610154569149
4,waypoint_03,-30.0,-0.41999999999999993,-0.8303095437492864,1.0858581006057595,100.41283816099167,0.0
5,waypoint_03,-30.0,-0.41999999999999993,-0.8303095437492864,1.0858581006057595,0.011300387086521368,0.00804330687969923
0,waypoint_03,-15.0,-0.41999999999999993,-0.8303095437492864,1.0858581006057595,0.0038591419979638886,0.010531660169363022
1,waypoint_03,-15.0,-0.41999999999999993,-0.8303095437492864,1.0858581006057595,0.0026682650968723465,0.0014659300213679671
2,waypoint_03,-15.0,-0.41999999999999993,-0.8303095437492864,1.0858581006057595,0.004589170657709474,0.008291223086416721
3,waypoint_03,-15.0,-0.41999999999999993,-0.8303095437492864,1.0858581006057595,0.006593254511244595,0.0056134182959795
4,waypoint_03,-15.0,-0.41999999999999993,-0.8303095437492864,1.0858581006057595,39.071470499038696,0.0
5,waypoint_03,-15.0,-0.41999999999999993,-0.8303095437492864,1.0858581006057595,0.005573592261498561,0.005578151438385248
0,waypoint_03,0.0,-0.41999999999999993,-0.8303095437492864,1.0858581006057595,0.002989753738802392,0.009058001451194286
1,waypoint_03,0.0,-0.41999999999999993,-0.8303095437492864,1.0858581006057595,0.00890964838617947,0.0007344945333898067
2,waypoint_03,0.0,-0.41999999999999993,-0.8303095437492864,1.0858581006057595,0.0027432708975538844,0.006964406929910183
3,waypoint_03,0.0,-0.41999999999999993,-0.8303095437492864,1.0858581006057595,27.087761089205742,0.0
4,waypoint_03,0.0,-0.41999999999999993,-0.8303095437492864,1.0858581006057595,0.01996497667278163,1.6215030029798072e-07
5,waypoint_03,0.0,-0.41999999999999993,-0.8303095437492864,1.0858581006057595,69.89708542823792,0.0
0,waypoint_03,15.0,-0.41999999999999993,-0.8303095437492864,1.0858581006057595,0.002910269586209324,0.007424911484122276
1,waypoint_03,15.0,-0.41999999999999993,-0.8303095437492864,1.0858581006057595,0.011284656466159504,0.001408745301887393
2,waypoint_03,15.0,-0.41999999999999993,-0.8303095437492864,1.0858581006057595,0.0036334397464088397,0.0013321174774318933
3,waypoint_03,15.0,-0.41999999999999993,-0.8303095437492864,1.0858581006057595,128.16260755062103,0.0
4,waypoint_03,15.0,-0.41999999999999993,-0.8303095437492864,1.0858581006057595,43.96327584981918,0.0
5,waypoint_03,15.0,-0.41999999999999993,-0.8303095437492864,1.0858581006057595,217.53385663032532,0.0
0,waypoint_03,30.0,-0.41999999999999993,-0.8303095437492864,1.0858581006057595,0.0031291019695345312,0.005432766396552324
1,waypoint_03,30.0,-0.41999999999999993,-0.8303095437492864,1.0858581006057595,38.90266641974449,0.0
2,waypoint_03,30.0,-0.41999999999999993,-0.8303095437492864,1.0858581006057595,90.5589908361435,0.0
3,waypoint_03,30.0,-0.41999999999999993,-0.8303095437492864,1.0858581006057595,162.03013062477112,0.0
4,waypoint_03,30.0,-0.41999999999999993,-0.8303095437492864,1.0858581006057595,81.81200176477432,0.0
5,waypoint_03,30.0,-0.41999999999999993,-0.8303095437492864,1.0858581006057595,258.2935392856598,0.0
0,waypoint_04,30.0,-0.4,-0.8303095437492864,1.0858581006057595,0.008613644240540452,0.005633290391415358
1,waypoint_04,30.0,-0.4,-0.8303095437492864,1.0858581006057595,0.016058336768765002,0.0032149937469512224
2,waypoint_04,30.0,-0.4,-0.8303095437492864,1.0858581006057595,77.86951959133148,0.0
3,waypoint_04,30.0,-0.4,-0.8303095437492864,1.0858581006057595,155.9501588344574,0.0
4,waypoint_04,30.0,-0.4,-0.8303095437492864,1.0858581006057595,0.01763048567227088,0.0009474503458477557
5,waypoint_04,30.0,-0.4,-0.8303095437492864,1.0858581006057595,238.72432112693787,0.0
0,waypoint_04,15.0,-0.4,-0.8303095437492864,1.0858581006057595,0.002678895498320344,0.008554584346711636
1,waypoint_04,15.0,-0.4,-0.8303095437492864,1.0858581006057595,0.004313004410505528,0.00251362519338727
2,waypoint_04,15.0,-0.4,-0.8303095437492864,1.0858581006057595,0.031425512133864686,0.0014303381321951747
3,waypoint_04,15.0,-0.4,-0.8303095437492864,1.0858581006057595,126.83641910552979,0.0
4,waypoint_04,15.0,-0.4,-0.8303095437492864,1.0858581006057595,0.010068069968838245,0.0010881162015721202
5,waypoint_04,15.0,-0.4,-0.8303095437492864,1.0858581006057595,200.94092190265656,0.0
0,waypoint_04,0.0,-0.4,-0.8303095437492864,1.0858581006057595,0.00677398338666535,0.010640421882271767
1,waypoint_04,0.0,-0.4,-0.8303095437492864,1.0858581006057595,0.009573923307470977,0.002453966299071908
2,waypoint_04,0.0,-0.4,-0.8303095437492864,1.0858581006057595,0.018585589714348316,0.0055642700754106045
3,waypoint_04,0.0,-0.4,-0.8303095437492864,1.0858581006057595,7.675891742110252,0.0
4,waypoint_04,0.0,-0.4,-0.8303095437492864,1.0858581006057595,0.00822889523988124,7.099426966306055e-07
5,waypoint_04,0.0,-0.4,-0.8303095437492864,1.0858581006057595,27.890227735042572,0.0
0,waypoint_04,-15.0,-0.4,-0.8303095437492864,1.0858581006057595,0.005746827355324058,0.012319627217948437
1,waypoint_04,-15.0,-0.4,-0.8303095437492864,1.0858581006057595,0.004604627520166105,0.0032420149073004723
2,waypoint_04,-15.0,-0.4,-0.8303095437492864,1.0858581006057595,0.007824343811080325,0.006434937007725239
3,waypoint_04,-15.0,-0.4,-0.8303095437492864,1.0858581006057595,0.024392813429585658,0.00670670997351408
4,waypoint_04,-15.0,-0.4,-0.8303095437492864,1.0858581006057595,55.570490658283234,0.0
5,waypoint_04,-15.0,-0.4,-0.8303095437492864,1.0858581006057595,0.011842589628940914,0.0049278647638857365
0,waypoint_04,-30.0,-0.4,-0.8303095437492864,1.0858581006057595,0.3299281815998256,0.013560389168560505
1,waypoint_04,-30.0,-0.4,-0.8303095437492864,1.0858581006057595,0.3204401000402868,0.004375897813588381
2,waypoint_04,-30.0,-0.4,-0.8303095437492864,1.0858581006057595,0.1818709570216015,0.00627663591876626
3,waypoint_04,-30.0,-0.4,-0.8303095437492864,1.0858581006057595,0.26707485085353255,0.010414590127766132
4,waypoint_04,-30.0,-0.4,-0.8303095437492864,1.0858581006057595,1.2515311827883124,0.0026613769587129354
5,waypoint_04,-30.0,-0.4,-0.8303095437492864,1.0858581006057595,1.0475023882463574,0.00656560342758894
0,waypoint_05,-30.0,-0.37999999999999995,-0.8303095437492864,1.0858581006057595,0.8453684276901186,0.015464226715266705
1,waypoint_05,-30.0,-0.37999999999999995,-0.8303095437492864,1.0858581006057595,1.019527087919414,0.00633424473926425
2,waypoint_05,-30.0,-0.37999999999999995,-0.8303095437492864,1.0858581006057595,1.098683336749673,0.004204717930406332
3,waypoint_05,-30.0,-0.37999999999999995,-0.8303095437492864,1.0858581006057595,0.8894883212633431,0.011967504397034645
4,waypoint_05,-30.0,-0.37999999999999995,-0.8303095437492864,1.0858581006057595,1.257413881830871,0.004195460584014654
5,waypoint_05,-30.0,-0.37999999999999995,-0.8303095437492864,1.0858581006057595,1.0322058806195855,0.0049431766383349895
0,waypoint_05,-15.0,-0.37999999999999995,-0.8303095437492864,1.0858581006057595,9.021567180752754,0.0
1,waypoint_05,-15.0,-0.37999999999999995,-0.8303095437492864,1.0858581006057595,10.914025828242302,0.0
2,waypoint_05,-15.0,-0.37999999999999995,-0.8303095437492864,1.0858581006057595,16.76340401172638,0.0
3,waypoint_05,-15.0,-0.37999999999999995,-0.8303095437492864,1.0858581006057595,9.273597039282322,0.0
4,waypoint_05,-15.0,-0.37999999999999995,-0.8303095437492864,1.0858581006057595,10.155928321182728,0.0
5,waypoint_05,-15.0,-0.37999999999999995,-0.8303095437492864,1.0858581006057595,15.629051253199577,0.0
0,waypoint_05,0.0,-0.37999999999999995,-0.8303095437492864,1.0858581006057595,0.0064692321757320315,0.012152867391705513
1,waypoint_05,0.0,-0.37999999999999995,-0.8303095437492864,1.0858581006057595,0.009686075827630702,0.004173186141997576
2,waypoint_05,0.0,-0.37999999999999995,-0.8303095437492864,1.0858581006057595,0.01274145961360773,0.004044615663588047
3,waypoint_05,0.0,-0.37999999999999995,-0.8303095437492864,1.0858581006057595,21.861905232071877,0.0
4,waypoint_05,0.0,-0.37999999999999995,-0.8303095437492864,1.0858581006057595,0.02108252556354273,3.56778940613367e-07
5,waypoint_05,0.0,-0.37999999999999995,-0.8303095437492864,1.0858581006057595,2.8876455035060644,0.0
0,waypoint_05,15.0,-0.37999999999999995,-0.8303095437492864,1.0858581006057595,0.003277713631177903,0.009575391188263893
1,waypoint_05,15.0,-0.37999999999999995,-0.8303095437492864,1.0858581006057595,0.004703860213339794,0.0037840355653315783
2,waypoint_05,15.0,-0.37999999999999995,-0.8303095437492864,1.0858581006057595,0.002173935854443698,0.0015580995241180062
3,waypoint_05,15.0,-0.37999999999999995,-0.8303095437492864,1.0858581006057595,136.41224801540375,0.0
4,waypoint_05,15.0,-0.37999999999999995,-0.8303095437492864,1.0858581006057595,0.19477047317195684,5.100570774629887e-07
5,waypoint_05,15.0,-0.37999999999999995,-0.8303095437492864,1.0858581006057595,182.72806704044342,0.0
0,waypoint_05,30.0,-0.37999999999999995,-0.8303095437492864,1.0858581006057595,0.006226332061487483,0.0055313981138169765
1,waypoint_05,30.0,-0.37999999999999995,-0.8303095437492864,1.0858581006057595,0.0033484868708910653,0.003909621853381395
2,waypoint_05,30.0,-0.37999999999999995,-0.8303095437492864,1.0858581006057595,62.3723603785038,0.0
3,waypoint_05,30.0,-0.37999999999999995,-0.8303095437492864,1.0858581006057595,165.77599942684174,0.0
4,waypoint_05,30.0,-0.37999999999999995,-0.8303095437492864,1.0858581006057595,0.6903829053044319,4.108108271339006e-07
5,waypoint_05,30.0,-0.37999999999999995,-0.8303095437492864,1.0858581006057595,252.6361644268036,0.0
0,waypoint_06,30.0,-0.36,-0.8303095437492864,1.0858581006057595,0.010913347978203092,0.004928260575979948
1,waypoint_06,30.0,-0.36,-0.8303095437492864,1.0858581006057595,0.008850436643115245,0.004542015492916107
2,waypoint_06,30.0,-0.36,-0.8303095437492864,1.0858581006057595,40.253620594739914,0.0
3,waypoint_06,30.0,-0.36,-0.8303095437492864,1.0858581006057595,151.86475217342377,0.0
4,waypoint_06,30.0,-0.36,-0.8303095437492864,1.0858581006057595,33.784687519073486,0.0
5,waypoint_06,30.0,-0.36,-0.8303095437492864,1.0858581006057595,241.27906560897827,0.0
0,waypoint_06,15.0,-0.36,-0.8303095437492864,1.0858581006057595,0.00892399202712113,0.01044961903244257
1,waypoint_06,15.0,-0.36,-0.8303095437492864,1.0858581006057595,0.004436443759914255,0.00506270956248045
2,waypoint_06,15.0,-0.36,-0.8303095437492864,1.0858581006057595,40.420472621917725,0.0
3,waypoint_06,15.0,-0.36,-0.8303095437492864,1.0858581006057595,138.80287110805511,0.0
4,waypoint_06,15.0,-0.36,-0.8303095437492864,1.0858581006057595,5.956750828772783,0.0
5,waypoint_06,15.0,-0.36,-0.8303095437492864,1.0858581006057595,164.29291665554047,0.0
0,waypoint_06,0.0,-0.36,-0.8303095437492864,1.0858581006057595,0.00381655945602688,0.01357838325202465
1,waypoint_06,0.0,-0.36,-0.8303095437492864,1.0858581006057595,0.004334368441050174,0.005877325776964426
2,waypoint_06,0.0,-0.36,-0.8303095437492864,1.0858581006057595,0.016333413441316225,0.0024372749030590057
3,waypoint_06,0.0,-0.36,-0.8303095437492864,1.0858581006057595,25.95387026667595,0.0
4,waypoint_06,0.0,-0.36,-0.8303095437492864,1.0858581006057595,0.2810229198075831,2.7738153107748076e-07
5,waypoint_06,0.0,-0.36,-0.8303095437492864,1.0858581006057595,0.14951149933040142,3.7644073813680734e-07
0,waypoint_06,-15.0,-0.36,-0.8303095437492864,1.0858581006057595,0.24446280440315604,0.01575562171638012
1,waypoint_06,-15.0,-0.36,-0.8303095437492864,1.0858581006057595,0.25824340991675854,0.007000040728598833
2,waypoint_06,-15.0,-0.36,-0.8303095437492864,1.0858581006057595,0.8520715637132525,0.002675806637853384
3,waypoint_06,-15.0,-0.36,-0.8303095437492864,1.0858581006057595,0.7077250047586858,0.008466074243187904
4,waypoint_06,-15.0,-0.36,-0.8303095437492864,1.0858581006057595,0.9874813258647919,0.0033806778956204653
5,waypoint_06,-15.0,-0.36,-0.8303095437492864,1.0858581006057595,0.4576737992465496,0.0029310809914022684
0,waypoint_06,-30.0,-0.36,-0.8303095437492864,1.0858581006057595,8.60715564340353,0.0
1,waypoint_06,-30.0,-0.36,-0.8303095437492864,1.0858581006057595,10.294350795447826,0.0
2,waypoint_06,-30.0,-0.36,-0.8303095437492864,1.0858581006057595,10.748021304607391,0.0
3,waypoint_06,-30.0,-0.36,-0.8303095437492864,1.0858581006057595,9.51290875673294,0.0
4,waypoint_06,-30.0,-0.36,-0.8303095437492864,1.0858581006057595,9.143242612481117,0.0
5,waypoint_06,-30.0,-0.36,-0.8303095437492864,1.0858581006057595,10.593784973025322,0.0
0,waypoint_07,-30.0,-0.34,-0.8303095437492864,1.0858581006057595,0.011306672604405321,0.018909737467765808
1,waypoint_07,-30.0,-0.34,-0.8303095437492864,1.0858581006057595,0.011316723430354614,0.0100011695176363
2,waypoint_07,-30.0,-0.34,-0.8303095437492864,1.0858581006057595,53.47384512424469,0.0
3,waypoint_07,-30.0,-0.34,-0.8303095437492864,1.0858581006057595,0.012594505278684665,0.014517589472234249
4,waypoint_07,-30.0,-0.34,-0.8303095437492864,1.0858581006057595,0.011083258868893608,0.0074377101846039295
5,waypoint_07,-30.0,-0.34,-0.8303095437492864,1.0858581006057595,0.02873512676160317,0.002458471106365323
0,waypoint_07,-15.0,-0.34,-0.8303095437492864,1.0858581006057595,0.6276543135754764,0.01738278567790985
1,waypoint_07,-15.0,-0.34,-0.8303095437492864,1.0858581006057595,0.734842789825052,0.008854065090417862
2,waypoint_07,-15.0,-0.34,-0.8303095437492864,1.0858581006057595,1.6564480029046535,0.0
3,waypoint_07,-15.0,-0.34,-0.8303095437492864,1.0858581006057595,1.0424647480249405,0.008950596675276756
4,waypoint_07,-15.0,-0.34,-0.8303095437492864,1.0858581006057595,1.1223101755604148,0.004657675977796316
5,waypoint_07,-15.0,-0.34,-0.8303095437492864,1.0858581006057595,0.9428757475689054,0.001789764384739101
0,waypoint_07,0.0,-0.34,-0.8303095437492864,1.0858581006057595,0.003331467723910464,0.01489549782127142
1,waypoint_07,0.0,-0.34,-0.8303095437492864,1.0858581006057595,0.004781763891514856,0.007553131319582462
2,waypoint_07,0.0,-0.34,-0.8303095437492864,1.0858581006057595,0.03704390474013053,0.0007768051000311971
3,waypoint_07,0.0,-0.34,-0.8303095437492864,1.0858581006057595,31.97244182229042,0.0
4,waypoint_07,0.0,-0.34,-0.8303095437492864,1.0858581006057595,2.3819622583687305,0.0
5,waypoint_07,0.0,-0.34,-0.8303095437492864,1.0858581006057595,0.014994329831097275,7.006307782830845e-07
0,waypoint_07,15.0,-0.34,-0.8303095437492864,1.0858581006057595,0.0012215317610753118,0.011130682192742825
1,waypoint_07,15.0,-0.34,-0.8303095437492864,1.0858581006057595,0.002678895498320344,0.006317049730569124
2,waypoint_07,15.0,-0.34,-0.8303095437492864,1.0858581006057595,4.620939493179321,0.0
3,waypoint_07,15.0,-0.34,-0.8303095437492864,1.0858581006057595,129.61223721504211,0.0
4,waypoint_07,15.0,-0.34,-0.8303095437492864,1.0858581006057595,119.14313584566116,0.0
5,waypoint_07,15.0,-0.34,-0.8303095437492864,1.0858581006057595,125.31132996082306,0.0
0,waypoint_07,30.0,-0.34,-0.8303095437492864,1.0858581006057595,0.003939321231882786,0.003253484610468149
1,waypoint_07,30.0,-0.34,-0.8303095437492864,1.0858581006057595,0.0027855207918037195,0.005072346422821283
2,waypoint_07,30.0,-0.34,-0.8303095437492864,1.0858581006057595,18.311409279704094,0.0
3,waypoint_07,30.0,-0.34,-0.8303095437492864,1.0858581006057595,135.53328812122345,0.0
4,waypoint_07,30.0,-0.34,-0.8303095437492864,1.0858581006057595,169.8615700006485,0.0
5,waypoint_07,30.0,-0.34,-0.8303095437492864,1.0858581006057595,207.93986320495605,0.0
0,waypoint_08,30.0,-0.32,-0.8303095437492864,1.0858581006057595,0.5527230678126216,3.8894370391062694e-07
1,waypoint_08,30.0,-0.32,-0.8303095437492864,1.0858581006057595,0.010572056453383993,0.005461602937430143
2,waypoint_08,30.0,-0.32,-0.8303095437492864,1.0858581006057595,131.73213601112366,0.0
3,waypoint_08,30.0,-0.32,-0.8303095437492864,1.0858581006057595,135.67572832107544,0.0
4,waypoint_08,30.0,-0.32,-0.8303095437492864,1.0858581006057595,170.86701095104218,0.0
5,waypoint_08,30.0,-0.32,-0.8303095437492864,1.0858581006057595,207.00807869434357,0.0
0,waypoint_08,15.0,-0.32,-0.8303095437492864,1.0858581006057595,0.017864298570202664,0.01155998557806015
1,waypoint_08,15.0,-0.32,-0.8303095437492864,1.0858581006057595,0.0018235514289699495,0.007519975770264864
2,waypoint_08,15.0,-0.32,-0.8303095437492864,1.0858581006057595,173.0394810438156,0.0
3,waypoint_08,15.0,-0.32,-0.8303095437492864,1.0858581006057595,131.58777356147766,0.0
4,waypoint_08,15.0,-0.32,-0.8303095437492864,1.0858581006057595,130.36289811134338,0.0
5,waypoint_08,15.0,-0.32,-0.8303095437492864,1.0858581006057595,161.56116127967834,0.0
0,waypoint_08,0.0,-0.32,-0.8303095437492864,1.0858581006057595,0.0034136346585000865,0.016079410910606384
1,waypoint_08,0.0,-0.32,-0.8303095437492864,1.0858581006057595,0.003055573870369699,0.009186885319650173
2,waypoint_08,0.0,-0.32,-0.8303095437492864,1.0858581006057595,285.4744791984558,0.0
3,waypoint_08,0.0,-0.32,-0.8303095437492864,1.0858581006057595,60.09254604578018,0.0
4,waypoint_08,0.0,-0.32,-0.8303095437492864,1.0858581006057595,14.401685446500778,0.0
5,waypoint_08,0.0,-0.32,-0.8303095437492864,1.0858581006057595,0.017923068298841827,2.059499456663616e-05
0,waypoint_08,-15.0,-0.32,-0.8303095437492864,1.0858581006057595,0.0027392209176468896,0.018915453925728798
1,waypoint_08,-15.0,-0.32,-0.8303095437492864,1.0858581006057595,0.003960906724387314,0.010675603523850441
2,waypoint_08,-15.0,-0.32,-0.8303095437492864,1.0858581006057595,268.44727993011475,0.0
3,waypoint_08,-15.0,-0.32,-0.8303095437492864,1.0858581006057595,45.07869482040405,0.0
4,waypoint_08,-15.0,-0.32,-0.8303095437492864,1.0858581006057595,239.13916945457458,0.0
5,waypoint_08,-15.0,-0.32,-0.8303095437492864,1.0858581006057595,46.78294435143471,0.0
0,waypoint_08,-30.0,-0.32,-0.8303095437492864,1.0858581006057595,0.00525197765455232,0.02062106505036354
1,waypoint_08,-30.0,-0.32,-0.8303095437492864,1.0858581006057595,0.002678895498320344,0.011861487291753292
2,waypoint_08,-30.0,-0.32,-0.8303095437492864,1.0858581006057595,263.4929418563843,0.0
3,waypoint_08,-30.0,-0.32,-0.8303095437492864,1.0858581006057595,119.47908997535706,0.0
4,waypoint_08,-30.0,-0.32,-0.8303095437492864,1.0858581006057595,238.26748132705688,0.0
5,waypoint_08,-30.0,-0.32,-0.8303095437492864,1.0858581006057595,94.46275234222412,0.0
0,waypoint_09,-30.0,-0.29999999999999993,-0.8303095437492864,1.0858581006057595,0.010373263648943976,0.02228376269340515
1,waypoint_09,-30.0,-0.29999999999999993,-0.8303095437492864,1.0858581006057595,0.011617249583650846,0.013700860552489758
2,waypoint_09,-30.0,-0.29999999999999993,-0.8303095437492864,1.0858581006057595,269.5888578891754,0.0
3,waypoint_09,-30.0,-0.29999999999999993,-0.8303095437492864,1.0858581006057595,125.13196468353271,0.0
4,waypoint_09,-30.0,-0.29999999999999993,-0.8303095437492864,1.0858581006057595,238.7792319059372,0.0
5,waypoint_09,-30.0,-0.29999999999999993,-0.8303095437492864,1.0858581006057595,0.038306454371195287,0.002310981508344412
0,waypoint_09,-15.0,-0.29999999999999993,-0.8303095437492864,1.0858581006057595,0.0045126662371330895,0.020363526418805122
1,waypoint_09,-15.0,-0.29999999999999993,-0.8303095437492864,1.0858581006057595,0.0027804144338006154,0.012460392899811268
2,waypoint_09,-15.0,-0.29999999999999993,-0.8303095437492864,1.0858581006057595,302.42645740509033,0.0
3,waypoint_09,-15.0,-0.29999999999999993,-0.8303095437492864,1.0858581006057595,0.8307775715366006,0.0066361273638904095
4,waypoint_09,-15.0,-0.29999999999999993,-0.8303095437492864,1.0858581006057595,239.09078538417816,0.0
5,waypoint_09,-15.0,-0.29999999999999993,-0.8303095437492864,1.0858581006057595,0.017051928807632066,0.00119236099999398
0,waypoint_09,0.0,-0.29999999999999993,-0.8303095437492864,1.0858581006057595,0.0032274690511258086,0.01709872856736183
1,waypoint_09,0.0,-0.29999999999999993,-0.8303095437492864,1.0858581006057595,0.002744403900578618,0.01076456904411316
2,waypoint_09,0.0,-0.29999999999999993,-0.8303095437492864,1.0858581006057595,258.02311301231384,0.0
3,waypoint_09,0.0,-0.29999999999999993,-0.8303095437492864,1.0858581006057595,70.82342356443405,0.0
4,waypoint_09,0.0,-0.29999999999999993,-0.8303095437492864,1.0858581006057595,15.889348462224007,0.0
5,waypoint_09,0.0,-0.29999999999999993,-0.8303095437492864,1.0858581006057595,0.035113156627630815,6.028964776305656e-07
0,waypoint_09,15.0,-0.29999999999999993,-0.8303095437492864,1.0858581006057595,0.0016388568155889516,0.011646621860563755
1,waypoint_09,15.0,-0.29999999999999993,-0.8303095437492864,1.0858581006057595,0.0025484034722467186,0.008642713539302349
2,waypoint_09,15.0,-0.29999999999999993,-0.8303095437492864,1.0858581006057595,183.36214125156403,0.0
3,waypoint_09,15.0,-0.29999999999999993,-0.8303095437492864,1.0858581006057595,133.53143632411957,0.0
4,waypoint_09,15.0,-0.29999999999999993,-0.8303095437492864,1.0858581006057595,130.67826628684998,0.0
5,waypoint_09,15.0,-0.29999999999999993,-0.8303095437492864,1.0858581006057595,0.01089771103579551,0.0007303371676243842
0,waypoint_09,30.0,-0.29999999999999993,-0.8303095437492864,1.0858581006057595,4.6280669048428535,0.0
1,waypoint_09,30.0,-0.29999999999999993,-0.8303095437492864,1.0858581006057595,0.0031381719054479618,0.0056442394852638245
2,waypoint_09,30.0,-0.29999999999999993,-0.8303095437492864,1.0858581006057595,88.18627893924713,0.0
3,waypoint_09,30.0,-0.29999999999999993,-0.8303095437492864,1.0858581006057595,137.44030892848969,0.0
4,waypoint_09,30.0,-0.29999999999999993,-0.8303095437492864,1.0858581006057595,165.6368225812912,0.0
5,waypoint_09,30.0,-0.29999999999999993,-0.8303095437492864,1.0858581006057595,0.003964492861996405,0.0005416609928943217
0,waypoint_10,30.0,-0.28,-0.8303095437492864,1.0858581006057595,25.706928223371506,0.0
1,waypoint_10,30.0,-0.28,-0.8303095437492864,1.0858581006057595,0.009105279787036125,0.00551375700160861
2,waypoint_10,30.0,-0.28,-0.8303095437492864,1.0858581006057595,57.40353837609291,0.0
3,waypoint_10,30.0,-0.28,-0.8303095437492864,1.0858581006057595,130.92994689941406,0.0
4,waypoint_10,30.0,-0.28,-0.8303095437492864,1.0858581006057595,156.20183944702148,0.0
5,waypoint_10,30.0,-0.28,-0.8303095437492864,1.0858581006057595,4.915899597108364,0.0
0,waypoint_10,15.0,-0.28,-0.8303095437492864,1.0858581006057595,0.012853060979978181,0.011261037550866604
1,waypoint_10,15.0,-0.28,-0.8303095437492864,1.0858581006057595,0.0025033950805664062,0.009653862565755844
2,waypoint_10,15.0,-0.28,-0.8303095437492864,1.0858581006057595,211.25483512878418,0.0
3,waypoint_10,15.0,-0.28,-0.8303095437492864,1.0858581006057595,128.43745946884155,0.0
4,waypoint_10,15.0,-0.28,-0.8303095437492864,1.0858581006057595,132.54044950008392,0.0
5,waypoint_10,15.0,-0.28,-0.8303095437492864,1.0858581006057595,0.214216168387793,4.3717565745282627e-07
0,waypoint_10,0.0,-0.28,-0.8303095437492864,1.0858581006057595,0.004108831490157172,0.0179122444242239
1,waypoint_10,0.0,-0.28,-0.8303095437492864,1.0858581006057595,0.004910786174150417,0.012271073646843433
2,waypoint_10,0.0,-0.28,-0.8303095437492864,1.0858581006057595,252.1982192993164,0.0
3,waypoint_10,0.0,-0.28,-0.8303095437492864,1.0858581006057595,75.84425806999207,0.0
4,waypoint_10,0.0,-0.28,-0.8303095437492864,1.0858581006057595,22.24588207900524,0.0
5,waypoint_10,0.0,-0.28,-0.8303095437492864,1.0858581006057595,0.09285883425036445,3.0944065088078787e-07
0,waypoint_10,-15.0,-0.28,-0.8303095437492864,1.0858581006057595,0.004158679075771943,0.021694693714380264
1,waypoint_10,-15.0,-0.28,-0.8303095437492864,1.0858581006057595,0.0036079277379030827,0.014198568649590015
2,waypoint_10,-15.0,-0.28,-0.8303095437492864,1.0858581006057595,280.3838551044464,0.0
3,waypoint_10,-15.0,-0.28,-0.8303095437492864,1.0858581006057595,0.01718475323286839,0.007082598749548197
4,waypoint_10,-15.0,-0.28,-0.8303095437492864,1.0858581006057595,205.34728467464447,0.0
5,waypoint_10,-15.0,-0.28,-0.8303095437492864,1.0858581006057595,0.011395560250093695,0.0018929700599983335
0,waypoint_10,-30.0,-0.28,-0.8303095437492864,1.0858581006057595,0.0053789681260241196,0.023881444707512856
1,waypoint_10,-30.0,-0.28,-0.8303095437492864,1.0858581006057595,0.005807095476484392,0.015512736514210701
2,waypoint_10,-30.0,-0.28,-0.8303095437492864,1.0858581006057595,283.70362520217896,0.0
3,waypoint_10,-30.0,-0.28,-0.8303095437492864,1.0858581006057595,89.23154324293137,0.0
4,waypoint_10,-30.0,-0.28,-0.8303095437492864,1.0858581006057595,198.65219295024872,0.0
5,waypoint_10,-30.0,-0.28,-0.8303095437492864,1.0858581006057595,0.005197579866944579,0.004125847481191158
0,waypoint_11,-30.0,-0.45999999999999996,-0.8049394643777287,1.0858581006057595,0.008440320925728884,0.00818722601979971
1,waypoint_11,-30.0,-0.45999999999999996,-0.8049394643777287,1.0858581006057595,47.38379642367363,0.0
2,waypoint_11,-30.0,-0.45999999999999996,-0.8049394643777287,1.0858581006057595,141.6330486536026,0.0
3,waypoint_11,-30.0,-0.45999999999999996,-0.8049394643777287,1.0858581006057595,189.88612294197083,0.0
4,waypoint_11,-30.0,-0.45999999999999996,-0.8049394643777287,1.0858581006057595,263.36607336997986,0.0
5,waypoint_11,-30.0,-0.45999999999999996,-0.8049394643777287,1.0858581006057595,52.158307284116745,0.0
0,waypoint_11,-15.0,-0.45999999999999996,-0.8049394643777287,1.0858581006057595,0.004158679075771943,0.007285377476364374
1,waypoint_11,-15.0,-0.45999999999999996,-0.8049394643777287,1.0858581006057595,75.9960189461708,0.0
2,waypoint_11,-15.0,-0.45999999999999996,-0.8049394643777287,1.0858581006057595,82.11483806371689,0.0
3,waypoint_11,-15.0,-0.45999999999999996,-0.8049394643777287,1.0858581006057595,162.57844865322113,0.0
4,waypoint_11,-15.0,-0.45999999999999996,-0.8049394643777287,1.0858581006057595,205.913245677948,0.0
5,waypoint_11,-15.0,-0.45999999999999996,-0.8049394643777287,1.0858581006057595,101.0512039065361,0.0
0,waypoint_11,0.0,-0.45999999999999996,-0.8049394643777287,1.0858581006057595,0.0034897998375527095,0.006364082917571068
1,waypoint_11,0.0,-0.45999999999999996,-0.8049394643777287,1.0858581006057595,118.9260259270668,0.0
2,waypoint_11,0.0,-0.45999999999999996,-0.8049394643777287,1.0858581006057595,59.62836369872093,0.0
3,waypoint_11,0.0,-0.45999999999999996,-0.8049394643777287,1.0858581006057595,2.4946467019617558,0.0
4,waypoint_11,0.0,-0.45999999999999996,-0.8049394643777287,1.0858581006057595,0.016791591406217776,0.0011310909176245332
5,waypoint_11,0.0,-0.45999999999999996,-0.8049394643777287,1.0858581006057595,250.15145540237427,0.0
0,waypoint_11,15.0,-0.45999999999999996,-0.8049394643777287,1.0858581006057595,0.0048172946662816685,0.0057306247763335705
1,waypoint_11,15.0,-0.45999999999999996,-0.8049394643777287,1.0858581006057595,0.10406561341369525,0.0013342397287487984
2,waypoint_11,15.0,-0.45999999999999996,-0.8049394643777287,1.0858581006057595,47.731705009937286,0.0
3,waypoint_11,15.0,-0.45999999999999996,-0.8049394643777287,1.0858581006057595,0.17199039575643837,5.639658411382698e-07
4,waypoint_11,15.0,-0.45999999999999996,-0.8049394643777287,1.0858581006057595,94.2978709936142,0.0
5,waypoint_11,15.0,-0.45999999999999996,-0.8049394643777287,1.0858581006057595,48.195164650678635,0.0
0,waypoint_11,30.0,-0.45999999999999996,-0.8049394643777287,1.0858581006057595,0.004332728622102877,0.0054938350804150105
1,waypoint_11,30.0,-0.45999999999999996,-0.8049394643777287,1.0858581006057595,27.410535141825676,0.0
2,waypoint_11,30.0,-0.45999999999999996,-0.8049394643777287,1.0858581006057595,52.213262766599655,0.0
3,waypoint_11,30.0,-0.45999999999999996,-0.8049394643777287,1.0858581006057595,6.013494450598955,0.0
4,waypoint_11,30.0,-0.45999999999999996,-0.8049394643777287,1.0858581006057595,208.99420976638794,0.0
5,waypoint_11,30.0,-0.45999999999999996,-0.8049394643777287,1.0858581006057595,252.90203094482422,0.0
0,waypoint_12,30.0,-0.4399999999999999,-0.8049394643777287,1.0858581006057595,0.011484377864690032,0.006517998408526182
1,waypoint_12,30.0,-0.4399999999999999,-0.8049394643777287,1.0858581006057595,44.344738125801086,0.0
2,waypoint_12,30.0,-0.4399999999999999,-0.8049394643777287,1.0858581006057595,63.29040974378586,0.0
3,waypoint_12,30.0,-0.4399999999999999,-0.8049394643777287,1.0858581006057595,68.45112144947052,0.0
4,waypoint_12,30.0,-0.4399999999999999,-0.8049394643777287,1.0858581006057595,192.89688766002655,0.0
5,waypoint_12,30.0,-0.4399999999999999,-0.8049394643777287,1.0858581006057595,264.6341323852539,0.0
0,waypoint_12,15.0,-0.4399999999999999,-0.8049394643777287,1.0858581006057595,0.0036954879760742188,0.007236350327730179
1,waypoint_12,15.0,-0.4399999999999999,-0.8049394643777287,1.0858581006057595,100.76902061700821,0.0
2,waypoint_12,15.0,-0.4399999999999999,-0.8049394643777287,1.0858581006057595,38.92309218645096,0.0
3,waypoint_12,15.0,-0.4399999999999999,-0.8049394643777287,1.0858581006057595,6.824949756264687,0.0
4,waypoint_12,15.0,-0.4399999999999999,-0.8049394643777287,1.0858581006057595,0.4502784286160022,1.3965276934868598e-07
5,waypoint_12,15.0,-0.4399999999999999,-0.8049394643777287,1.0858581006057595,167.0234501361847,0.0
0,waypoint_12,0.0,-0.4399999999999999,-0.8049394643777287,1.0858581006057595,0.0035861989999830257,0.008157297037541866
1,waypoint_12,0.0,-0.4399999999999999,-0.8049394643777287,1.0858581006057595,0.014247879335016478,0.0008410229347646236
2,waypoint_12,0.0,-0.4399999999999999,-0.8049394643777287,1.0858581006057595,45.70828750729561,0.0
3,waypoint_12,0.0,-0.4399999999999999,-0.8049394643777287,1.0858581006057595,0.005209953997109551,0.003371557919308543
4,waypoint_12,0.0,-0.4399999999999999,-0.8049394643777287,1.0858581006057595,0.010493126865185332,0.0006353939534164965
5,waypoint_12,0.0,-0.4399999999999999,-0.8049394643777287,1.0858581006057595,4.779616836458445,0.0
0,waypoint_12,-15.0,-0.4399999999999999,-0.8049394643777287,1.0858581006057595,0.003883003500959603,0.009179181419312954
1,waypoint_12,-15.0,-0.4399999999999999,-0.8049394643777287,1.0858581006057595,0.015244812857417855,0.0010523090604692698
2,waypoint_12,-15.0,-0.4399999999999999,-0.8049394643777287,1.0858581006057595,73.94450902938843,0.0
3,waypoint_12,-15.0,-0.4399999999999999,-0.8049394643777287,1.0858581006057595,0.003514273885230068,0.006141411140561104
4,waypoint_12,-15.0,-0.4399999999999999,-0.8049394643777287,1.0858581006057595,0.028046630177414045,0.001742065534926951
5,waypoint_12,-15.0,-0.4399999999999999,-0.8049394643777287,1.0858581006057595,0.03135567021672614,0.007882023230195045
0,waypoint_12,-30.0,-0.4399999999999999,-0.8049394643777287,1.0858581006057595,0.0056721578403085005,0.010054012760519981
1,waypoint_12,-30.0,-0.4399999999999999,-0.8049394643777287,1.0858581006057595,52.365053445100784,0.0
2,waypoint_12,-30.0,-0.4399999999999999,-0.8049394643777287,1.0858581006057595,105.21463304758072,0.0
3,waypoint_12,-30.0,-0.4399999999999999,-0.8049394643777287,1.0858581006057595,0.004278372216504067,0.008304454386234283
4,waypoint_12,-30.0,-0.4399999999999999,-0.8049394643777287,1.0858581006057595,0.011366842045390513,0.002283617854118347
5,waypoint_12,-30.0,-0.4399999999999999,-0.8049394643777287,1.0858581006057595,0.007349521183641627,0.010002919472754002
0,waypoint_13,-30.0,-0.41999999999999993,-0.8049394643777287,1.0858581006057595,0.010076534636027645,0.011905305087566376
1,waypoint_13,-30.0,-0.41999999999999993,-0.8049394643777287,1.0858581006057595,148.62017333507538,0.0
2,waypoint_13,-30.0,-0.41999999999999993,-0.8049394643777287,1.0858581006057595,75.0688910484314,0.0
3,waypoint_13,-30.0,-0.41999999999999993,-0.8049394643777287,1.0858581006057595,0.010398960512247868,0.010038143023848534
4,waypoint_13,-30.0,-0.41999999999999993,-0.8049394643777287,1.0858581006057595,114.21000212430954,0.0
5,waypoint_13,-30.0,-0.41999999999999993,-0.8049394643777287,1.0858581006057595,0.009513618351775222,0.008377284742891788
0,waypoint_13,-15.0,-0.41999999999999993,-0.8049394643777287,1.0858581006057595,0.004324521341914078,0.011044634506106377
1,waypoint_13,-15.0,-0.41999999999999993,-0.8049394643777287,1.0858581006057595,89.6724984049797,0.0
2,waypoint_13,-15.0,-0.41999999999999993,-0.8049394643777287,1.0858581006057595,43.81097108125687,0.0
3,waypoint_13,-15.0,-0.41999999999999993,-0.8049394643777287,1.0858581006057595,0.003022989858436631,0.007610440254211426
4,waypoint_13,-15.0,-0.41999999999999993,-0.8049394643777287,1.0858581006057595,55.95631152391434,0.0
5,waypoint_13,-15.0,-0.41999999999999993,-0.8049394643777287,1.0858581006057595,0.0050688486226135865,0.006932838819921017
0,waypoint_13,0.0,-0.41999999999999993,-0.8049394643777287,1.0858581006057595,0.017997444956563413,0.009913860820233822
1,waypoint_13,0.0,-0.41999999999999993,-0.8049394643777287,1.0858581006057595,1.0727274930104613,0.0011028399458155036
2,waypoint_13,0.0,-0.41999999999999993,-0.8049394643777287,1.0858581006057595,1.4614143874496222,0.005820347927510738
3,waypoint_13,0.0,-0.41999999999999993,-0.8049394643777287,1.0858581006057595,0.008799763236311264,0.0041033499874174595
4,waypoint_13,0.0,-0.41999999999999993,-0.8049394643777287,1.0858581006057595,0.6363083375617862,6.63566097500734e-05
5,waypoint_13,0.0,-0.41999999999999993,-0.8049394643777287,1.0858581006057595,0.6665459368377924,7.447961252182722e-07
0,waypoint_13,15.0,-0.41999999999999993,-0.8049394643777287,1.0858581006057595,9.516336023807526,0.0
1,waypoint_13,15.0,-0.41999999999999993,-0.8049394643777287,1.0858581006057595,3.9079738780856133,0.0
2,waypoint_13,15.0,-0.41999999999999993,-0.8049394643777287,1.0858581006057595,9.79635864496231,0.0
3,waypoint_13,15.0,-0.41999999999999993,-0.8049394643777287,1.0858581006057595,12.257283553481102,0.0
4,waypoint_13,15.0,-0.41999999999999993,-0.8049394643777287,1.0858581006057595,7.727716583758593,0.0
5,waypoint_13,15.0,-0.41999999999999993,-0.8049394643777287,1.0858581006057595,12.008768506348133,0.0
0,waypoint_13,30.0,-0.41999999999999993,-0.8049394643777287,1.0858581006057595,0.005131541001901496,0.007481799460947514
1,waypoint_13,30.0,-0.41999999999999993,-0.8049394643777287,1.0858581006057595,0.24274957831948996,0.0025840827729552984
2,waypoint_13,30.0,-0.41999999999999993,-0.8049394643777287,1.0858581006057595,77.71432399749756,0.0
3,waypoint_13,30.0,-0.41999999999999993,-0.8049394643777287,1.0858581006057595,143.36809515953064,0.0
4,waypoint_13,30.0,-0.41999999999999993,-0.8049394643777287,1.0858581006057595,71.06740772724152,0.0
5,waypoint_13,30.0,-0.41999999999999993,-0.8049394643777287,1.0858581006057595,251.09240412712097,0.0
0,waypoint_14,30.0,-0.4,-0.8049394643777287,1.0858581006057595,0.012164605323050637,0.008351748809218407
1,waypoint_14,30.0,-0.4,-0.8049394643777287,1.0858581006057595,0.014608854144171346,0.0034965563099831343
2,waypoint_14,30.0,-0.4,-0.8049394643777287,1.0858581006057595,27.395576238632202,0.0
3,waypoint_14,30.0,-0.4,-0.8049394643777287,1.0858581006057595,137.83670961856842,0.0
4,waypoint_14,30.0,-0.4,-0.8049394643777287,1.0858581006057595,0.016816962670418434,0.0019611595198512077
5,waypoint_14,30.0,-0.4,-0.8049394643777287,1.0858581006057595,237.74532973766327,0.0
0,waypoint_14,15.0,-0.4,-0.8049394643777287,1.0858581006057595,0.003912171905540163,0.010113585740327835
1,waypoint_14,15.0,-0.4,-0.8049394643777287,1.0858581006057595,0.004727967279904988,0.0028247658628970385
2,waypoint_14,15.0,-0.4,-0.8049394643777287,1.0858581006057595,254.95842099189758,0.0
3,waypoint_14,15.0,-0.4,-0.8049394643777287,1.0858581006057595,39.07961770892143,0.0
4,waypoint_14,15.0,-0.4,-0.8049394643777287,1.0858581006057595,0.0058703767535916995,0.0015231154393404722
5,waypoint_14,15.0,-0.4,-0.8049394643777287,1.0858581006057595,132.31080770492554,0.0
0,waypoint_14,0.0,-0.4,-0.8049394643777287,1.0858581006057595,0.004143273145018611,0.011624101549386978
1,waypoint_14,0.0,-0.4,-0.8049394643777287,1.0858581006057595,0.005831515863974346,0.0028502049390226603
2,waypoint_14,0.0,-0.4,-0.8049394643777287,1.0858581006057595,258.4989368915558,0.0
3,waypoint_14,0.0,-0.4,-0.8049394643777287,1.0858581006057595,3.9430405013263226,0.0
4,waypoint_14,0.0,-0.4,-0.8049394643777287,1.0858581006057595,0.01331573639618,0.0009330206084996462
5,waypoint_14,0.0,-0.4,-0.8049394643777287,1.0858581006057595,0.08941999840317294,1.8819962406269042e-06
0,waypoint_14,-15.0,-0.4,-0.8049394643777287,1.0858581006057595,0.005805871751363156,0.012877405621111393
1,waypoint_14,-15.0,-0.4,-0.8049394643777287,1.0858581006057595,0.008666277608426753,0.0036019966937601566
2,waypoint_14,-15.0,-0.4,-0.8049394643777287,1.0858581006057595,260.3413760662079,0.0
3,waypoint_14,-15.0,-0.4,-0.8049394643777287,1.0858581006057595,217.4476683139801,0.0
4,waypoint_14,-15.0,-0.4,-0.8049394643777287,1.0858581006057595,0.013043479157204274,0.0016429343959316611
5,waypoint_14,-15.0,-0.4,-0.8049394643777287,1.0858581006057595,0.007170416665758239,0.005770671181380749
0,waypoint_14,-30.0,-0.4,-0.8049394643777287,1.0858581006057595,0.003570313310774509,0.0137378154322505
1,waypoint_14,-30.0,-0.4,-0.8049394643777287,1.0858581006057595,0.003678142775243032,0.004595458973199129
2,waypoint_14,-30.0,-0.4,-0.8049394643777287,1.0858581006057595,260.6714069843292,0.0
3,waypoint_14,-30.0,-0.4,-0.8049394643777287,1.0858581006057595,223.7989604473114,0.0
4,waypoint_14,-30.0,-0.4,-0.8049394643777287,1.0858581006057595,0.004703860213339794,0.003215482924133539
5,waypoint_14,-30.0,-0.4,-0.8049394643777287,1.0858581006057595,0.007872326932556462,0.006682945881038904
0,waypoint_15,-30.0,-0.37999999999999995,-0.8049394643777287,1.0858581006057595,0.0121060538731399,0.015554748475551605
1,waypoint_15,-30.0,-0.37999999999999995,-0.8049394643777287,1.0858581006057595,0.009429598321730737,0.006460119504481554
2,waypoint_15,-30.0,-0.37999999999999995,-0.8049394643777287,1.0858581006057595,282.02179074287415,0.0
3,waypoint_15,-30.0,-0.37999999999999995,-0.8049394643777287,1.0858581006057595,222.4220335483551,0.0
4,waypoint_15,-30.0,-0.37999999999999995,-0.8049394643777287,1.0858581006057595,0.010676388228603173,0.004941093269735575
5,waypoint_15,-30.0,-0.37999999999999995,-0.8049394643777287,1.0858581006057595,0.010065952665172517,0.004970917012542486
0,waypoint_15,-15.0,-0.37999999999999995,-0.8049394643777287,1.0858581006057595,0.005359117039915873,0.014673708938062191
1,waypoint_15,-15.0,-0.37999999999999995,-0.8049394643777287,1.0858581006057595,0.003156233333356795,0.005522809457033873
2,waypoint_15,-15.0,-0.37999999999999995,-0.8049394643777287,1.0858581006057595,282.39086270332336,0.0
3,waypoint_15,-15.0,-0.37999999999999995,-0.8049394643777287,1.0858581006057595,215.7791405916214,0.0
4,waypoint_15,-15.0,-0.37999999999999995,-0.8049394643777287,1.0858581006057595,0.008439478733635042,0.003232247894629836
5,waypoint_15,-15.0,-0.37999999999999995,-0.8049394643777287,1.0858581006057595,0.004423612608661642,0.004457329865545034
0,waypoint_15,0.0,-0.37999999999999995,-0.8049394643777287,1.0858581006057595,0.004442845693120034,0.013278285041451454
1,waypoint_15,0.0,-0.37999999999999995,-0.8049394643777287,1.0858581006057595,0.003473473043413833,0.0046884650364518166
2,waypoint_15,0.0,-0.37999999999999995,-0.8049394643777287,1.0858581006057595,275.55108070373535,0.0
3,waypoint_15,0.0,-0.37999999999999995,-0.8049394643777287,1.0858581006057595,5.35199511796236,0.0
4,waypoint_15,0.0,-0.37999999999999995,-0.8049394643777287,1.0858581006057595,0.006447228315664688,0.0018377420492470264
5,waypoint_15,0.0,-0.37999999999999995,-0.8049394643777287,1.0858581006057595,0.010048996955447365,0.0008604114991612732
0,waypoint_15,15.0,-0.37999999999999995,-0.8049394643777287,1.0858581006057595,0.004199484465061687,0.011442586779594421
1,waypoint_15,15.0,-0.37999999999999995,-0.8049394643777287,1.0858581006057595,0.005871586836292408,0.0043303328566253185
2,waypoint_15,15.0,-0.37999999999999995,-0.8049394643777287,1.0858581006057595,270.45175433158875,0.0
3,waypoint_15,15.0,-0.37999999999999995,-0.8049394643777287,1.0858581006057595,78.71313393115997,0.0
4,waypoint_15,15.0,-0.37999999999999995,-0.8049394643777287,1.0858581006057595,0.007313662536034826,0.001143244793638587
5,waypoint_15,15.0,-0.37999999999999995,-0.8049394643777287,1.0858581006057595,119.87017095088959,0.0
0,waypoint_15,30.0,-0.37999999999999995,-0.8049394643777287,1.0858581006057595,0.006376304099831032,0.009086121805012226
1,waypoint_15,30.0,-0.37999999999999995,-0.8049394643777287,1.0858581006057595,0.004604627520166105,0.004527213517576456
2,waypoint_15,30.0,-0.37999999999999995,-0.8049394643777287,1.0858581006057595,256.1720013618469,0.0
3,waypoint_15,30.0,-0.37999999999999995,-0.8049394643777287,1.0858581006057595,128.08948755264282,0.0
4,waypoint_15,30.0,-0.37999999999999995,-0.8049394643777287,1.0858581006057595,0.1516561460448429,1.0970013590849703e-06
5,waypoint_15,30.0,-0.37999999999999995,-0.8049394643777287,1.0858581006057595,224.27675127983093,0.0
