frame,env,pair,status
0,1,NDI/NDI_emitter -> BM_meter/bm_a,hit
0,1,NDI/NDI_emitter -> BM_meter/bm_b,hit
0,1,NDI/NDI_emitter -> BM_meter/bm_c,hit
0,1,NDI/NDI_emitter -> BM_meter/bm_d,hit
0,1,NDI/NDI_emitter -> EM/em_a,hit
0,1,NDI/NDI_emitter -> EM/em_b,hit
0,1,NDI/NDI_emitter -> EM/em_c,hit
0,1,NDI/NDI_emitter -> EM/em_d,hit
0,1,NDI/NDI_emitter -> FM/fm_a,hit
0,1,NDI/NDI_emitter -> FM/fm_b,hit
0,1,NDI/NDI_emitter -> FM/fm_c,hit
0,1,NDI/NDI_emitter -> FM/fm_d,hit
0,1,NDI/NDI_emitter -> UM/um_a,hit_other_geometry
0,1,NDI/NDI_emitter -> UM/um_b,hit
0,1,NDI/NDI_emitter -> UM/um_c,hit_other_geometry
0,1,NDI/NDI_emitter -> UM/um_d,hit_other_geometry
0,1,NDI/NDI_left_sensor -> BM_meter/bm_a,hit
0,1,NDI/NDI_left_sensor -> BM_meter/bm_b,hit
0,1,NDI/NDI_left_sensor -> BM_meter/bm_c,hit
0,1,NDI/NDI_left_sensor -> BM_meter/bm_d,hit
0,1,NDI/NDI_left_sensor -> EM/em_a,hit
0,1,NDI/NDI_left_sensor -> EM/em_b,hit
0,1,NDI/NDI_left_sensor -> EM/em_c,hit
0,1,NDI/NDI_left_sensor -> EM/em_d,hit
0,1,NDI/NDI_left_sensor -> FM/fm_a,hit
0,1,NDI/NDI_left_sensor -> FM/fm_b,hit
0,1,NDI/NDI_left_sensor -> FM/fm_c,hit
0,1,NDI/NDI_left_sensor -> FM/fm_d,hit
0,1,NDI/NDI_left_sensor -> UM/um_a,hit_other_geometry
0,1,NDI/NDI_left_sensor -> UM/um_b,hit_other_geometry
0,1,NDI/NDI_left_sensor -> UM/um_c,hit_other_geometry
0,1,NDI/NDI_left_sensor -> UM/um_d,hit_other_geometry
0,1,NDI/NDI_right_sensor -> BM_meter/bm_a,hit
0,1,NDI/NDI_right_sensor -> BM_meter/bm_b,hit
0,1,NDI/NDI_right_sensor -> BM_meter/bm_c,hit
0,1,NDI/NDI_right_sensor -> BM_meter/bm_d,hit
0,1,NDI/NDI_right_sensor -> EM/em_a,hit
0,1,NDI/NDI_right_sensor -> EM/em_b,hit
0,1,NDI/NDI_right_sensor -> EM/em_c,hit
0,1,NDI/NDI_right_sensor -> EM/em_d,hit
0,1,NDI/NDI_right_sensor -> FM/fm_a,hit
0,1,NDI/NDI_right_sensor -> FM/fm_b,hit
0,1,NDI/NDI_right_sensor -> FM/fm_c,hit
0,1,NDI/NDI_right_sensor -> FM/fm_d,hit
0,1,NDI/NDI_right_sensor -> UM/um_a,hit_other_geometry
0,1,NDI/NDI_right_sensor -> UM/um_b,hit
0,1,NDI/NDI_right_sensor -> UM/um_c,hit_other_geometry
0,1,NDI/NDI_right_sensor -> UM/um_d,hit_other_geometry
10,1,NDI/NDI_emitter -> BM_meter/bm_a,hit
10,1,NDI/NDI_emitter -> BM_meter/bm_b,hit
10,1,NDI/NDI_emitter -> BM_meter/bm_c,hit
10,1,NDI/NDI_emitter -> BM_meter/bm_d,hit
10,1,NDI/NDI_emitter -> EM/em_a,hit
10,1,NDI/NDI_emitter -> EM/em_b,hit
10,1,NDI/NDI_emitter -> EM/em_c,hit
10,1,NDI/NDI_emitter -> EM/em_d,hit
10,1,NDI/NDI_emitter -> FM/fm_a,hit
10,1,NDI/NDI_emitter -> FM/fm_b,hit
10,1,NDI/NDI_emitter -> FM/fm_c,hit
10,1,NDI/NDI_emitter -> FM/fm_d,hit
10,1,NDI/NDI_emitter -> UM/um_a,hit
10,1,NDI/NDI_emitter -> UM/um_b,hit
10,1,NDI/NDI_emitter -> UM/um_c,hit
10,1,NDI/NDI_emitter -> UM/um_d,hit
10,1,NDI/NDI_left_sensor -> BM_meter/bm_a,hit
10,1,NDI/NDI_left_sensor -> BM_meter/bm_b,hit
10,1,NDI/NDI_left_sensor -> BM_meter/bm_c,hit
10,1,NDI/NDI_left_sensor -> BM_meter/bm_d,hit
10,1,NDI/NDI_left_sensor -> EM/em_a,hit
10,1,NDI/NDI_left_sensor -> EM/em_b,hit
10,1,NDI/NDI_left_sensor -> EM/em_c,hit
10,1,NDI/NDI_left_sensor -> EM/em_d,hit
10,1,NDI/NDI_left_sensor -> FM/fm_a,hit
10,1,NDI/NDI_left_sensor -> FM/fm_b,hit
10,1,NDI/NDI_left_sensor -> FM/fm_c,hit
10,1,NDI/NDI_left_sensor -> FM/fm_d,hit
10,1,NDI/NDI_left_sensor -> UM/um_a,hit
10,1,NDI/NDI_left_sensor -> UM/um_b,hit
10,1,NDI/NDI_left_sensor -> UM/um_c,hit
10,1,NDI/NDI_left_sensor -> UM/um_d,hit
10,1,NDI/NDI_right_sensor -> BM_meter/bm_a,hit
10,1,NDI/NDI_right_sensor -> BM_meter/bm_b,hit
10,1,NDI/NDI_right_sensor -> BM_meter/bm_c,hit
10,1,NDI/NDI_right_sensor -> BM_meter/bm_d,hit
10,1,NDI/NDI_right_sensor -> EM/em_a,hit
10,1,NDI/NDI_right_sensor -> EM/em_b,hit
10,1,NDI/NDI_right_sensor -> EM/em_c,hit
10,1,NDI/NDI_right_sensor -> EM/em_d,hit
10,1,NDI/NDI_right_sensor -> FM/fm_a,hit
10,1,NDI/NDI_right_sensor -> FM/fm_b,hit
10,1,NDI/NDI_right_sensor -> FM/fm_c,hit
10,1,NDI/NDI_right_sensor -> FM/fm_d,hit
10,1,NDI/NDI_right_sensor -> UM/um_a,hit
10,1,NDI/NDI_right_sensor -> UM/um_b,hit
10,1,NDI/NDI_right_sensor -> UM/um_c,hit
10,1,NDI/NDI_right_sensor -> UM/um_d,hit
20,1,NDI/NDI_emitter -> BM_meter/bm_a,hit
20,1,NDI/NDI_emitter -> BM_meter/bm_b,hit
20,1,NDI/NDI_emitter -> BM_meter/bm_c,hit
20,1,NDI/NDI_emitter -> BM_meter/bm_d,hit
20,1,NDI/NDI_emitter -> EM/em_a,hit
20,1,NDI/NDI_emitter -> EM/em_b,hit
20,1,NDI/NDI_emitter -> EM/em_c,hit
20,1,NDI/NDI_emitter -> EM/em_d,hit
20,1,NDI/NDI_emitter -> FM/fm_a,hit
20,1,NDI/NDI_emitter -> FM/fm_b,hit
20,1,NDI/NDI_emitter -> FM/fm_c,hit
20,1,NDI/NDI_emitter -> FM/fm_d,hit
20,1,NDI/NDI_emitter -> UM/um_a,hit
20,1,NDI/NDI_emitter -> UM/um_b,hit
20,1,NDI/NDI_emitter -> UM/um_c,hit
20,1,NDI/NDI_emitter -> UM/um_d,hit
20,1,NDI/NDI_left_sensor -> BM_meter/bm_a,hit
20,1,NDI/NDI_left_sensor -> BM_meter/bm_b,hit
20,1,NDI/NDI_left_sensor -> BM_meter/bm_c,hit
20,1,NDI/NDI_left_sensor -> BM_meter/bm_d,hit
20,1,NDI/NDI_left_sensor -> EM/em_a,hit
20,1,NDI/NDI_left_sensor -> EM/em_b,hit
20,1,NDI/NDI_left_sensor -> EM/em_c,hit
20,1,NDI/NDI_left_sensor -> EM/em_d,hit
20,1,NDI/NDI_left_sensor -> FM/fm_a,hit
20,1,NDI/NDI_left_sensor -> FM/fm_b,hit
20,1,NDI/NDI_left_sensor -> FM/fm_c,hit
20,1,NDI/NDI_left_sensor -> FM/fm_d,hit
20,1,NDI/NDI_left_sensor -> UM/um_a,hit
20,1,NDI/NDI_left_sensor -> UM/um_b,hit
20,1,NDI/NDI_left_sensor -> UM/um_c,hit
20,1,NDI/NDI_left_sensor -> UM/um_d,hit
20,1,NDI/NDI_right_sensor -> BM_meter/bm_a,hit
20,1,NDI/NDI_right_sensor -> BM_meter/bm_b,hit
20,1,NDI/NDI_right_sensor -> BM_meter/bm_c,hit
20,1,NDI/NDI_right_sensor -> BM_meter/bm_d,hit
20,1,NDI/NDI_right_sensor -> EM/em_a,hit
20,1,NDI/NDI_right_sensor -> EM/em_b,hit
20,1,NDI/NDI_right_sensor -> EM/em_c,hit
20,1,NDI/NDI_right_sensor -> EM/em_d,hit
20,1,NDI/NDI_right_sensor -> FM/fm_a,hit
20,1,NDI/NDI_right_sensor -> FM/fm_b,hit
20,1,NDI/NDI_right_sensor -> FM/fm_c,hit
20,1,NDI/NDI_right_sensor -> FM/fm_d,hit
20,1,NDI/NDI_right_sensor -> UM/um_a,hit
20,1,NDI/NDI_right_sensor -> UM/um_b,hit
20,1,NDI/NDI_right_sensor -> UM/um_c,hit
20,1,NDI/NDI_right_sensor -> UM/um_d,hit
30,1,NDI/NDI_emitter -> BM_meter/bm_a,hit
30,1,NDI/NDI_emitter -> BM_meter/bm_b,hit
30,1,NDI/NDI_emitter -> BM_meter/bm_c,hit
30,1,NDI/NDI_emitter -> BM_meter/bm_d,hit
30,1,NDI/NDI_emitter -> EM/em_a,hit
30,1,NDI/NDI_emitter -> EM/em_b,hit
30,1,NDI/NDI_emitter -> EM/em_c,hit
30,1,NDI/NDI_emitter -> EM/em_d,hit
30,1,NDI/NDI_emitter -> FM/fm_a,hit
30,1,NDI/NDI_emitter -> FM/fm_b,hit
30,1,NDI/NDI_emitter -> FM/fm_c,hit
30,1,NDI/NDI_emitter -> FM/fm_d,hit
30,1,NDI/NDI_emitter -> UM/um_a,hit
30,1,NDI/NDI_emitter -> UM/um_b,hit
30,1,NDI/NDI_emitter -> UM/um_c,hit
30,1,NDI/NDI_emitter -> UM/um_d,hit
30,1,NDI/NDI_left_sensor -> BM_meter/bm_a,hit
30,1,NDI/NDI_left_sensor -> BM_meter/bm_b,hit
30,1,NDI/NDI_left_sensor -> BM_meter/bm_c,hit
30,1,NDI/NDI_left_sensor -> BM_meter/bm_d,hit
30,1,NDI/NDI_left_sensor -> EM/em_a,hit
30,1,NDI/NDI_left_sensor -> EM/em_b,hit
30,1,NDI/NDI_left_sensor -> EM/em_c,hit
30,1,NDI/NDI_left_sensor -> EM/em_d,hit
30,1,NDI/NDI_left_sensor -> FM/fm_a,hit
30,1,NDI/NDI_left_sensor -> FM/fm_b,hit
30,1,NDI/NDI_left_sensor -> FM/fm_c,hit
30,1,NDI/NDI_left_sensor -> FM/fm_d,hit
30,1,NDI/NDI_left_sensor -> UM/um_a,hit
30,1,NDI/NDI_left_sensor -> UM/um_b,hit
30,1,NDI/NDI_left_sensor -> UM/um_c,hit
30,1,NDI/NDI_left_sensor -> UM/um_d,hit
30,1,NDI/NDI_right_sensor -> BM_meter/bm_a,hit
30,1,NDI/NDI_right_sensor -> BM_meter/bm_b,hit
30,1,NDI/NDI_right_sensor -> BM_meter/bm_c,hit
30,1,NDI/NDI_right_sensor -> BM_meter/bm_d,hit
30,1,NDI/NDI_right_sensor -> EM/em_a,hit
30,1,NDI/NDI_right_sensor -> EM/em_b,hit
30,1,NDI/NDI_right_sensor -> EM/em_c,hit
30,1,NDI/NDI_right_sensor -> EM/em_d,hit
30,1,NDI/NDI_right_sensor -> FM/fm_a,hit
30,1,NDI/NDI_right_sensor -> FM/fm_b,hit
30,1,NDI/NDI_right_sensor -> FM/fm_c,hit
30,1,NDI/NDI_right_sensor -> FM/fm_d,hit
30,1,NDI/NDI_right_sensor -> UM/um_a,hit
30,1,NDI/NDI_right_sensor -> UM/um_b,hit
30,1,NDI/NDI_right_sensor -> UM/um_c,hit
30,1,NDI/NDI_right_sensor -> UM/um_d,hit
40,1,NDI/NDI_emitter -> BM_meter/bm_a,hit
40,1,NDI/NDI_emitter -> BM_meter/bm_b,hit
40,1,NDI/NDI_emitter -> BM_meter/bm_c,hit
40,1,NDI/NDI_emitter -> BM_meter/bm_d,hit
40,1,NDI/NDI_emitter -> EM/em_a,hit
40,1,NDI/NDI_emitter -> EM/em_b,hit
40,1,NDI/NDI_emitter -> EM/em_c,hit
40,1,NDI/NDI_emitter -> EM/em_d,hit
40,1,NDI/NDI_emitter -> FM/fm_a,hit
40,1,NDI/NDI_emitter -> FM/fm_b,hit
40,1,NDI/NDI_emitter -> FM/fm_c,hit
40,1,NDI/NDI_emitter -> FM/fm_d,hit
40,1,NDI/NDI_emitter -> UM/um_a,hit
40,1,NDI/NDI_emitter -> UM/um_b,hit
40,1,NDI/NDI_emitter -> UM/um_c,hit
40,1,NDI/NDI_emitter -> UM/um_d,hit
40,1,NDI/NDI_left_sensor -> BM_meter/bm_a,hit
40,1,NDI/NDI_left_sensor -> BM_meter/bm_b,hit
40,1,NDI/NDI_left_sensor -> BM_meter/bm_c,hit
40,1,NDI/NDI_left_sensor -> BM_meter/bm_d,hit
40,1,NDI/NDI_left_sensor -> EM/em_a,hit
40,1,NDI/NDI_left_sensor -> EM/em_b,hit
40,1,NDI/NDI_left_sensor -> EM/em_c,hit
40,1,NDI/NDI_left_sensor -> EM/em_d,hit
40,1,NDI/NDI_left_sensor -> FM/fm_a,hit
40,1,NDI/NDI_left_sensor -> FM/fm_b,hit
40,1,NDI/NDI_left_sensor -> FM/fm_c,hit
40,1,NDI/NDI_left_sensor -> FM/fm_d,hit
40,1,NDI/NDI_left_sensor -> UM/um_a,hit
40,1,NDI/NDI_left_sensor -> UM/um_b,hit
40,1,NDI/NDI_left_sensor -> UM/um_c,hit
40,1,NDI/NDI_left_sensor -> UM/um_d,hit
40,1,NDI/NDI_right_sensor -> BM_meter/bm_a,hit
40,1,NDI/NDI_right_sensor -> BM_meter/bm_b,hit
40,1,NDI/NDI_right_sensor -> BM_meter/bm_c,hit
40,1,NDI/NDI_right_sensor -> BM_meter/bm_d,hit
40,1,NDI/NDI_right_sensor -> EM/em_a,hit
40,1,NDI/NDI_right_sensor -> EM/em_b,hit
40,1,NDI/NDI_right_sensor -> EM/em_c,hit
40,1,NDI/NDI_right_sensor -> EM/em_d,hit
40,1,NDI/NDI_right_sensor -> FM/fm_a,hit
40,1,NDI/NDI_right_sensor -> FM/fm_b,hit
40,1,NDI/NDI_right_sensor -> FM/fm_c,hit
40,1,NDI/NDI_right_sensor -> FM/fm_d,hit
40,1,NDI/NDI_right_sensor -> UM/um_a,hit
40,1,NDI/NDI_right_sensor -> UM/um_b,hit
40,1,NDI/NDI_right_sensor -> UM/um_c,hit
40,1,NDI/NDI_right_sensor -> UM/um_d,hit
50,1,NDI/NDI_emitter -> BM_meter/bm_a,hit
50,1,NDI/NDI_emitter -> BM_meter/bm_b,hit
50,1,NDI/NDI_emitter -> BM_meter/bm_c,hit
50,1,NDI/NDI_emitter -> BM_meter/bm_d,hit
50,1,NDI/NDI_emitter -> EM/em_a,hit
50,1,NDI/NDI_emitter -> EM/em_b,hit
50,1,NDI/NDI_emitter -> EM/em_c,hit
50,1,NDI/NDI_emitter -> EM/em_d,hit
50,1,NDI/NDI_emitter -> FM/fm_a,hit
50,1,NDI/NDI_emitter -> FM/fm_b,hit
50,1,NDI/NDI_emitter -> FM/fm_c,hit
50,1,NDI/NDI_emitter -> FM/fm_d,hit
50,1,NDI/NDI_emitter -> UM/um_a,hit
50,1,NDI/NDI_emitter -> UM/um_b,hit
50,1,NDI/NDI_emitter -> UM/um_c,hit
50,1,NDI/NDI_emitter -> UM/um_d,hit
50,1,NDI/NDI_left_sensor -> BM_meter/bm_a,hit
50,1,NDI/NDI_left_sensor -> BM_meter/bm_b,hit
50,1,NDI/NDI_left_sensor -> BM_meter/bm_c,hit
50,1,NDI/NDI_left_sensor -> BM_meter/bm_d,hit
50,1,NDI/NDI_left_sensor -> EM/em_a,hit
50,1,NDI/NDI_left_sensor -> EM/em_b,hit
50,1,NDI/NDI_left_sensor -> EM/em_c,hit
50,1,NDI/NDI_left_sensor -> EM/em_d,hit
50,1,NDI/NDI_left_sensor -> FM/fm_a,hit
50,1,NDI/NDI_left_sensor -> FM/fm_b,hit
50,1,NDI/NDI_left_sensor -> FM/fm_c,hit
50,1,NDI/NDI_left_sensor -> FM/fm_d,hit
50,1,NDI/NDI_left_sensor -> UM/um_a,hit
50,1,NDI/NDI_left_sensor -> UM/um_b,hit
50,1,NDI/NDI_left_sensor -> UM/um_c,hit
50,1,NDI/NDI_left_sensor -> UM/um_d,hit
50,1,NDI/NDI_right_sensor -> BM_meter/bm_a,hit
50,1,NDI/NDI_right_sensor -> BM_meter/bm_b,hit
50,1,NDI/NDI_right_sensor -> BM_meter/bm_c,hit
50,1,NDI/NDI_right_sensor -> BM_meter/bm_d,hit
50,1,NDI/NDI_right_sensor -> EM/em_a,hit
50,1,NDI/NDI_right_sensor -> EM/em_b,hit
50,1,NDI/NDI_right_sensor -> EM/em_c,hit
50,1,NDI/NDI_right_sensor -> EM/em_d,hit
50,1,NDI/NDI_right_sensor -> FM/fm_a,hit
50,1,NDI/NDI_right_sensor -> FM/fm_b,hit
50,1,NDI/NDI_right_sensor -> FM/fm_c,hit
50,1,NDI/NDI_right_sensor -> FM/fm_d,hit
50,1,NDI/NDI_right_sensor -> UM/um_a,hit
50,1,NDI/NDI_right_sensor -> UM/um_b,hit
50,1,NDI/NDI_right_sensor -> UM/um_c,hit
50,1,NDI/NDI_right_sensor -> UM/um_d,hit
60,1,NDI/NDI_emitter -> BM_meter/bm_a,hit
60,1,NDI/NDI_emitter -> BM_meter/bm_b,hit
60,1,NDI/NDI_emitter -> BM_meter/bm_c,hit
60,1,NDI/NDI_emitter -> BM_meter/bm_d,hit
60,1,NDI/NDI_emitter -> EM/em_a,hit
60,1,NDI/NDI_emitter -> EM/em_b,hit
60,1,NDI/NDI_emitter -> EM/em_c,hit
60,1,NDI/NDI_emitter -> EM/em_d,hit
60,1,NDI/NDI_emitter -> FM/fm_a,hit
60,1,NDI/NDI_emitter -> FM/fm_b,hit
60,1,NDI/NDI_emitter -> FM/fm_c,hit
60,1,NDI/NDI_emitter -> FM/fm_d,hit
60,1,NDI/NDI_emitter -> UM/um_a,hit
60,1,NDI/NDI_emitter -> UM/um_b,hit
60,1,NDI/NDI_emitter -> UM/um_c,hit
60,1,NDI/NDI_emitter -> UM/um_d,hit
60,1,NDI/NDI_left_sensor -> BM_meter/bm_a,hit
60,1,NDI/NDI_left_sensor -> BM_meter/bm_b,hit
60,1,NDI/NDI_left_sensor -> BM_meter/bm_c,hit
60,1,NDI/NDI_left_sensor -> BM_meter/bm_d,hit
60,1,NDI/NDI_left_sensor -> EM/em_a,hit
60,1,NDI/NDI_left_sensor -> EM/em_b,hit
60,1,NDI/NDI_left_sensor -> EM/em_c,hit
60,1,NDI/NDI_left_sensor -> EM/em_d,hit
60,1,NDI/NDI_left_sensor -> FM/fm_a,hit
60,1,NDI/NDI_left_sensor -> FM/fm_b,hit
60,1,NDI/NDI_left_sensor -> FM/fm_c,hit
60,1,NDI/NDI_left_sensor -> FM/fm_d,hit
60,1,NDI/NDI_left_sensor -> UM/um_a,hit
60,1,NDI/NDI_left_sensor -> UM/um_b,hit
60,1,NDI/NDI_left_sensor -> UM/um_c,hit
60,1,NDI/NDI_left_sensor -> UM/um_d,hit
60,1,NDI/NDI_right_sensor -> BM_meter/bm_a,hit
60,1,NDI/NDI_right_sensor -> BM_meter/bm_b,hit
60,1,NDI/NDI_right_sensor -> BM_meter/bm_c,hit
60,1,NDI/NDI_right_sensor -> BM_meter/bm_d,hit
60,1,NDI/NDI_right_sensor -> EM/em_a,hit
60,1,NDI/NDI_right_sensor -> EM/em_b,hit
60,1,NDI/NDI_right_sensor -> EM/em_c,hit
60,1,NDI/NDI_right_sensor -> EM/em_d,hit
60,1,NDI/NDI_right_sensor -> FM/fm_a,hit
60,1,NDI/NDI_right_sensor -> FM/fm_b,hit
60,1,NDI/NDI_right_sensor -> FM/fm_c,hit
60,1,NDI/NDI_right_sensor -> FM/fm_d,hit
60,1,NDI/NDI_right_sensor -> UM/um_a,hit
60,1,NDI/NDI_right_sensor -> UM/um_b,hit
60,1,NDI/NDI_right_sensor -> UM/um_c,hit
60,1,NDI/NDI_right_sensor -> UM/um_d,hit
70,1,NDI/NDI_emitter -> BM_meter/bm_a,hit
70,1,NDI/NDI_emitter -> BM_meter/bm_b,hit
70,1,NDI/NDI_emitter -> BM_meter/bm_c,hit
70,1,NDI/NDI_emitter -> BM_meter/bm_d,hit
70,1,NDI/NDI_emitter -> EM/em_a,hit
70,1,NDI/NDI_emitter -> EM/em_b,hit
70,1,NDI/NDI_emitter -> EM/em_c,hit
70,1,NDI/NDI_emitter -> EM/em_d,hit
70,1,NDI/NDI_emitter -> FM/fm_a,hit
70,1,NDI/NDI_emitter -> FM/fm_b,hit
70,1,NDI/NDI_emitter -> FM/fm_c,hit
70,1,NDI/NDI_emitter -> FM/fm_d,hit
70,1,NDI/NDI_emitter -> UM/um_a,hit
70,1,NDI/NDI_emitter -> UM/um_b,hit
70,1,NDI/NDI_emitter -> UM/um_c,hit
70,1,NDI/NDI_emitter -> UM/um_d,hit
70,1,NDI/NDI_left_sensor -> BM_meter/bm_a,hit
70,1,NDI/NDI_left_sensor -> BM_meter/bm_b,hit
70,1,NDI/NDI_left_sensor -> BM_meter/bm_c,hit
70,1,NDI/NDI_left_sensor -> BM_meter/bm_d,hit
70,1,NDI/NDI_left_sensor -> EM/em_a,hit
70,1,NDI/NDI_left_sensor -> EM/em_b,hit
70,1,NDI/NDI_left_sensor -> EM/em_c,hit
70,1,NDI/NDI_left_sensor -> EM/em_d,hit
70,1,NDI/NDI_left_sensor -> FM/fm_a,hit
70,1,NDI/NDI_left_sensor -> FM/fm_b,hit
70,1,NDI/NDI_left_sensor -> FM/fm_c,hit
70,1,NDI/NDI_left_sensor -> FM/fm_d,hit
70,1,NDI/NDI_left_sensor -> UM/um_a,hit
70,1,NDI/NDI_left_sensor -> UM/um_b,hit
70,1,NDI/NDI_left_sensor -> UM/um_c,hit
70,1,NDI/NDI_left_sensor -> UM/um_d,hit
70,1,NDI/NDI_right_sensor -> BM_meter/bm_a,hit
70,1,NDI/NDI_right_sensor -> BM_meter/bm_b,hit
70,1,NDI/NDI_right_sensor -> BM_meter/bm_c,hit
70,1,NDI/NDI_right_sensor -> BM_meter/bm_d,hit
70,1,NDI/NDI_right_sensor -> EM/em_a,hit
70,1,NDI/NDI_right_sensor -> EM/em_b,hit
70,1,NDI/NDI_right_sensor -> EM/em_c,hit
70,1,NDI/NDI_right_sensor -> EM/em_d,hit
70,1,NDI/NDI_right_sensor -> FM/fm_a,hit
70,1,NDI/NDI_right_sensor -> FM/fm_b,hit
70,1,NDI/NDI_right_sensor -> FM/fm_c,hit
70,1,NDI/NDI_right_sensor -> FM/fm_d,hit
70,1,NDI/NDI_right_sensor -> UM/um_a,hit
70,1,NDI/NDI_right_sensor -> UM/um_b,hit
70,1,NDI/NDI_right_sensor -> UM/um_c,hit
70,1,NDI/NDI_right_sensor -> UM/um_d,hit
80,1,NDI/NDI_emitter -> BM_meter/bm_a,hit
80,1,NDI/NDI_emitter -> BM_meter/bm_b,hit
80,1,NDI/NDI_emitter -> BM_meter/bm_c,hit
80,1,NDI/NDI_emitter -> BM_meter/bm_d,hit
80,1,NDI/NDI_emitter -> EM/em_a,hit
80,1,NDI/NDI_emitter -> EM/em_b,hit
80,1,NDI/NDI_emitter -> EM/em_c,hit
80,1,NDI/NDI_emitter -> EM/em_d,hit
80,1,NDI/NDI_emitter -> FM/fm_a,hit
80,1,NDI/NDI_emitter -> FM/fm_b,hit
80,1,NDI/NDI_emitter -> FM/fm_c,hit
80,1,NDI/NDI_emitter -> FM/fm_d,hit
80,1,NDI/NDI_emitter -> UM/um_a,hit
80,1,NDI/NDI_emitter -> UM/um_b,hit
80,1,NDI/NDI_emitter -> UM/um_c,hit
80,1,NDI/NDI_emitter -> UM/um_d,hit
80,1,NDI/NDI_left_sensor -> BM_meter/bm_a,hit
80,1,NDI/NDI_left_sensor -> BM_meter/bm_b,hit
80,1,NDI/NDI_left_sensor -> BM_meter/bm_c,hit
80,1,NDI/NDI_left_sensor -> BM_meter/bm_d,hit
80,1,NDI/NDI_left_sensor -> EM/em_a,hit
80,1,NDI/NDI_left_sensor -> EM/em_b,hit
80,1,NDI/NDI_left_sensor -> EM/em_c,hit
80,1,NDI/NDI_left_sensor -> EM/em_d,hit
80,1,NDI/NDI_left_sensor -> FM/fm_a,hit
80,1,NDI/NDI_left_sensor -> FM/fm_b,hit
80,1,NDI/NDI_left_sensor -> FM/fm_c,hit
80,1,NDI/NDI_left_sensor -> FM/fm_d,hit
80,1,NDI/NDI_left_sensor -> UM/um_a,hit
80,1,NDI/NDI_left_sensor -> UM/um_b,hit
80,1,NDI/NDI_left_sensor -> UM/um_c,hit
80,1,NDI/NDI_left_sensor -> UM/um_d,hit
80,1,NDI/NDI_right_sensor -> BM_meter/bm_a,hit
80,1,NDI/NDI_right_sensor -> BM_meter/bm_b,hit
80,1,NDI/NDI_right_sensor -> BM_meter/bm_c,hit
80,1,NDI/NDI_right_sensor -> BM_meter/bm_d,hit
80,1,NDI/NDI_right_sensor -> EM/em_a,hit
80,1,NDI/NDI_right_sensor -> EM/em_b,hit
80,1,NDI/NDI_right_sensor -> EM/em_c,hit
80,1,NDI/NDI_right_sensor -> EM/em_d,hit
80,1,NDI/NDI_right_sensor -> FM/fm_a,hit
80,1,NDI/NDI_right_sensor -> FM/fm_b,hit
80,1,NDI/NDI_right_sensor -> FM/fm_c,hit
80,1,NDI/NDI_right_sensor -> FM/fm_d,hit
80,1,NDI/NDI_right_sensor -> UM/um_a,hit
80,1,NDI/NDI_right_sensor -> UM/um_b,hit
80,1,NDI/NDI_right_sensor -> UM/um_c,hit
80,1,NDI/NDI_right_sensor -> UM/um_d,hit
90,1,NDI/NDI_emitter -> BM_meter/bm_a,hit
90,1,NDI/NDI_emitter -> BM_meter/bm_b,hit
90,1,NDI/NDI_emitter -> BM_meter/bm_c,hit
90,1,NDI/NDI_emitter -> BM_meter/bm_d,hit
90,1,NDI/NDI_emitter -> EM/em_a,hit
90,1,NDI/NDI_emitter -> EM/em_b,hit
90,1,NDI/NDI_emitter -> EM/em_c,hit
90,1,NDI/NDI_emitter -> EM/em_d,hit
90,1,NDI/NDI_emitter -> FM/fm_a,hit
90,1,NDI/NDI_emitter -> FM/fm_b,hit
90,1,NDI/NDI_emitter -> FM/fm_c,hit
90,1,NDI/NDI_emitter -> FM/fm_d,hit
90,1,NDI/NDI_emitter -> UM/um_a,hit
90,1,NDI/NDI_emitter -> UM/um_b,hit
90,1,NDI/NDI_emitter -> UM/um_c,hit
90,1,NDI/NDI_emitter -> UM/um_d,hit
90,1,NDI/NDI_left_sensor -> BM_meter/bm_a,hit
90,1,NDI/NDI_left_sensor -> BM_meter/bm_b,hit
90,1,NDI/NDI_left_sensor -> BM_meter/bm_c,hit
90,1,NDI/NDI_left_sensor -> BM_meter/bm_d,hit
90,1,NDI/NDI_left_sensor -> EM/em_a,hit
90,1,NDI/NDI_left_sensor -> EM/em_b,hit
90,1,NDI/NDI_left_sensor -> EM/em_c,hit
90,1,NDI/NDI_left_sensor -> EM/em_d,hit
90,1,NDI/NDI_left_sensor -> FM/fm_a,hit
90,1,NDI/NDI_left_sensor -> FM/fm_b,hit
90,1,NDI/NDI_left_sensor -> FM/fm_c,hit
90,1,NDI/NDI_left_sensor -> FM/fm_d,hit
90,1,NDI/NDI_left_sensor -> UM/um_a,hit
90,1,NDI/NDI_left_sensor -> UM/um_b,hit
90,1,NDI/NDI_left_sensor -> UM/um_c,hit
90,1,NDI/NDI_left_sensor -> UM/um_d,hit
90,1,NDI/NDI_right_sensor -> BM_meter/bm_a,hit
90,1,NDI/NDI_right_sensor -> BM_meter/bm_b,hit
90,1,NDI/NDI_right_sensor -> BM_meter/bm_c,hit
90,1,NDI/NDI_right_sensor -> BM_meter/bm_d,hit
90,1,NDI/NDI_right_sensor -> EM/em_a,hit
90,1,NDI/NDI_right_sensor -> EM/em_b,hit
90,1,NDI/NDI_right_sensor -> EM/em_c,hit
90,1,NDI/NDI_right_sensor -> EM/em_d,hit
90,1,NDI/NDI_right_sensor -> FM/fm_a,hit
90,1,NDI/NDI_right_sensor -> FM/fm_b,hit
90,1,NDI/NDI_right_sensor -> FM/fm_c,hit
90,1,NDI/NDI_right_sensor -> FM/fm_d,hit
90,1,NDI/NDI_right_sensor -> UM/um_a,hit
90,1,NDI/NDI_right_sensor -> UM/um_b,hit
90,1,NDI/NDI_right_sensor -> UM/um_c,hit
90,1,NDI/NDI_right_sensor -> UM/um_d,hit
100,1,NDI/NDI_emitter -> BM_meter/bm_a,hit
100,1,NDI/NDI_emitter -> BM_meter/bm_b,hit
100,1,NDI/NDI_emitter -> BM_meter/bm_c,hit
100,1,NDI/NDI_emitter -> BM_meter/bm_d,hit
100,1,NDI/NDI_emitter -> EM/em_a,hit
100,1,NDI/NDI_emitter -> EM/em_b,hit
100,1,NDI/NDI_emitter -> EM/em_c,hit
100,1,NDI/NDI_emitter -> EM/em_d,hit
100,1,NDI/NDI_emitter -> FM/fm_a,hit
100,1,NDI/NDI_emitter -> FM/fm_b,hit
100,1,NDI/NDI_emitter -> FM/fm_c,hit
100,1,NDI/NDI_emitter -> FM/fm_d,hit
100,1,NDI/NDI_emitter -> UM/um_a,hit
100,1,NDI/NDI_emitter -> UM/um_b,hit
100,1,NDI/NDI_emitter -> UM/um_c,hit
100,1,NDI/NDI_emitter -> UM/um_d,hit
100,1,NDI/NDI_left_sensor -> BM_meter/bm_a,hit
100,1,NDI/NDI_left_sensor -> BM_meter/bm_b,hit
100,1,NDI/NDI_left_sensor -> BM_meter/bm_c,hit
100,1,NDI/NDI_left_sensor -> BM_meter/bm_d,hit
100,1,NDI/NDI_left_sensor -> EM/em_a,hit
100,1,NDI/NDI_left_sensor -> EM/em_b,hit
100,1,NDI/NDI_left_sensor -> EM/em_c,hit
100,1,NDI/NDI_left_sensor -> EM/em_d,hit
100,1,NDI/NDI_left_sensor -> FM/fm_a,hit
100,1,NDI/NDI_left_sensor -> FM/fm_b,hit
100,1,NDI/NDI_left_sensor -> FM/fm_c,hit
100,1,NDI/NDI_left_sensor -> FM/fm_d,hit
100,1,NDI/NDI_left_sensor -> UM/um_a,hit
100,1,NDI/NDI_left_sensor -> UM/um_b,hit
100,1,NDI/NDI_left_sensor -> UM/um_c,hit
100,1,NDI/NDI_left_sensor -> UM/um_d,hit
100,1,NDI/NDI_right_sensor -> BM_meter/bm_a,hit
100,1,NDI/NDI_right_sensor -> BM_meter/bm_b,hit
100,1,NDI/NDI_right_sensor -> BM_meter/bm_c,hit
100,1,NDI/NDI_right_sensor -> BM_meter/bm_d,hit
100,1,NDI/NDI_right_sensor -> EM/em_a,hit
100,1,NDI/NDI_right_sensor -> EM/em_b,hit
100,1,NDI/NDI_right_sensor -> EM/em_c,hit
100,1,NDI/NDI_right_sensor -> EM/em_d,hit
100,1,NDI/NDI_right_sensor -> FM/fm_a,hit
100,1,NDI/NDI_right_sensor -> FM/fm_b,hit
100,1,NDI/NDI_right_sensor -> FM/fm_c,hit
100,1,NDI/NDI_right_sensor -> FM/fm_d,hit
100,1,NDI/NDI_right_sensor -> UM/um_a,hit
100,1,NDI/NDI_right_sensor -> UM/um_b,hit
100,1,NDI/NDI_right_sensor -> UM/um_c,hit
100,1,NDI/NDI_right_sensor -> UM/um_d,hit
110,1,NDI/NDI_emitter -> BM_meter/bm_a,hit
110,1,NDI/NDI_emitter -> BM_meter/bm_b,hit
110,1,NDI/NDI_emitter -> BM_meter/bm_c,hit
110,1,NDI/NDI_emitter -> BM_meter/bm_d,hit
110,1,NDI/NDI_emitter -> EM/em_a,hit
110,1,NDI/NDI_emitter -> EM/em_b,hit
110,1,NDI/NDI_emitter -> EM/em_c,hit
110,1,NDI/NDI_emitter -> EM/em_d,hit
110,1,NDI/NDI_emitter -> FM/fm_a,hit
110,1,NDI/NDI_emitter -> FM/fm_b,hit
110,1,NDI/NDI_emitter -> FM/fm_c,hit
110,1,NDI/NDI_emitter -> FM/fm_d,hit
110,1,NDI/NDI_emitter -> UM/um_a,hit
110,1,NDI/NDI_emitter -> UM/um_b,hit
110,1,NDI/NDI_emitter -> UM/um_c,hit
110,1,NDI/NDI_emitter -> UM/um_d,hit
110,1,NDI/NDI_left_sensor -> BM_meter/bm_a,hit
110,1,NDI/NDI_left_sensor -> BM_meter/bm_b,hit
110,1,NDI/NDI_left_sensor -> BM_meter/bm_c,hit
110,1,NDI/NDI_left_sensor -> BM_meter/bm_d,hit
110,1,NDI/NDI_left_sensor -> EM/em_a,hit
110,1,NDI/NDI_left_sensor -> EM/em_b,hit
110,1,NDI/NDI_left_sensor -> EM/em_c,hit
110,1,NDI/NDI_left_sensor -> EM/em_d,hit
110,1,NDI/NDI_left_sensor -> FM/fm_a,hit
110,1,NDI/NDI_left_sensor -> FM/fm_b,hit
110,1,NDI/NDI_left_sensor -> FM/fm_c,hit
110,1,NDI/NDI_left_sensor -> FM/fm_d,hit
110,1,NDI/NDI_left_sensor -> UM/um_a,hit
110,1,NDI/NDI_left_sensor -> UM/um_b,hit
110,1,NDI/NDI_left_sensor -> UM/um_c,hit
110,1,NDI/NDI_left_sensor -> UM/um_d,hit
110,1,NDI/NDI_right_sensor -> BM_meter/bm_a,hit
110,1,NDI/NDI_right_sensor -> BM_meter/bm_b,hit
110,1,NDI/NDI_right_sensor -> BM_meter/bm_c,hit
110,1,NDI/NDI_right_sensor -> BM_meter/bm_d,hit
110,1,NDI/NDI_right_sensor -> EM/em_a,hit
110,1,NDI/NDI_right_sensor -> EM/em_b,hit
110,1,NDI/NDI_right_sensor -> EM/em_c,hit
110,1,NDI/NDI_right_sensor -> EM/em_d,hit
110,1,NDI/NDI_right_sensor -> FM/fm_a,hit
110,1,NDI/NDI_right_sensor -> FM/fm_b,hit
110,1,NDI/NDI_right_sensor -> FM/fm_c,hit
110,1,NDI/NDI_right_sensor -> FM/fm_d,hit
110,1,NDI/NDI_right_sensor -> UM/um_a,hit
110,1,NDI/NDI_right_sensor -> UM/um_b,hit
110,1,NDI/NDI_right_sensor -> UM/um_c,hit
110,1,NDI/NDI_right_sensor -> UM/um_d,hit
120,1,NDI/NDI_emitter -> BM_meter/bm_a,hit
120,1,NDI/NDI_emitter -> BM_meter/bm_b,hit
120,1,NDI/NDI_emitter -> BM_meter/bm_c,hit
120,1,NDI/NDI_emitter -> BM_meter/bm_d,hit
120,1,NDI/NDI_emitter -> EM/em_a,hit
120,1,NDI/NDI_emitter -> EM/em_b,hit
120,1,NDI/NDI_emitter -> EM/em_c,hit
120,1,NDI/NDI_emitter -> EM/em_d,hit
120,1,NDI/NDI_emitter -> FM/fm_a,hit
120,1,NDI/NDI_emitter -> FM/fm_b,hit
120,1,NDI/NDI_emitter -> FM/fm_c,hit
120,1,NDI/NDI_emitter -> FM/fm_d,hit
120,1,NDI/NDI_emitter -> UM/um_a,hit
120,1,NDI/NDI_emitter -> UM/um_b,hit
120,1,NDI/NDI_emitter -> UM/um_c,hit
120,1,NDI/NDI_emitter -> UM/um_d,hit
120,1,NDI/NDI_left_sensor -> BM_meter/bm_a,hit
120,1,NDI/NDI_left_sensor -> BM_meter/bm_b,hit
120,1,NDI/NDI_left_sensor -> BM_meter/bm_c,hit
120,1,NDI/NDI_left_sensor -> BM_meter/bm_d,hit
120,1,NDI/NDI_left_sensor -> EM/em_a,hit
120,1,NDI/NDI_left_sensor -> EM/em_b,hit
120,1,NDI/NDI_left_sensor -> EM/em_c,hit
120,1,NDI/NDI_left_sensor -> EM/em_d,hit
120,1,NDI/NDI_left_sensor -> FM/fm_a,hit
120,1,NDI/NDI_left_sensor -> FM/fm_b,hit
120,1,NDI/NDI_left_sensor -> FM/fm_c,hit
120,1,NDI/NDI_left_sensor -> FM/fm_d,hit
120,1,NDI/NDI_left_sensor -> UM/um_a,hit
120,1,NDI/NDI_left_sensor -> UM/um_b,hit
120,1,NDI/NDI_left_sensor -> UM/um_c,hit
120,1,NDI/NDI_left_sensor -> UM/um_d,hit
120,1,NDI/NDI_right_sensor -> BM_meter/bm_a,hit
120,1,NDI/NDI_right_sensor -> BM_meter/bm_b,hit
120,1,NDI/NDI_right_sensor -> BM_meter/bm_c,hit
120,1,NDI/NDI_right_sensor -> BM_meter/bm_d,hit
120,1,NDI/NDI_right_sensor -> EM/em_a,hit
120,1,NDI/NDI_right_sensor -> EM/em_b,hit
120,1,NDI/NDI_right_sensor -> EM/em_c,hit
120,1,NDI/NDI_right_sensor -> EM/em_d,hit
120,1,NDI/NDI_right_sensor -> FM/fm_a,hit
120,1,NDI/NDI_right_sensor -> FM/fm_b,hit
120,1,NDI/NDI_right_sensor -> FM/fm_c,hit
120,1,NDI/NDI_right_sensor -> FM/fm_d,hit
120,1,NDI/NDI_right_sensor -> UM/um_a,hit
120,1,NDI/NDI_right_sensor -> UM/um_b,hit
120,1,NDI/NDI_right_sensor -> UM/um_c,hit
120,1,NDI/NDI_right_sensor -> UM/um_d,hit
130,1,NDI/NDI_emitter -> BM_meter/bm_a,hit
130,1,NDI/NDI_emitter -> BM_meter/bm_b,hit
130,1,NDI/NDI_emitter -> BM_meter/bm_c,hit
130,1,NDI/NDI_emitter -> BM_meter/bm_d,hit
130,1,NDI/NDI_emitter -> EM/em_a,hit
130,1,NDI/NDI_emitter -> EM/em_b,hit
130,1,NDI/NDI_emitter -> EM/em_c,hit
130,1,NDI/NDI_emitter -> EM/em_d,hit
130,1,NDI/NDI_emitter -> FM/fm_a,hit
130,1,NDI/NDI_emitter -> FM/fm_b,hit
130,1,NDI/NDI_emitter -> FM/fm_c,hit
130,1,NDI/NDI_emitter -> FM/fm_d,hit
130,1,NDI/NDI_emitter -> UM/um_a,hit
130,1,NDI/NDI_emitter -> UM/um_b,hit
130,1,NDI/NDI_emitter -> UM/um_c,hit
130,1,NDI/NDI_emitter -> UM/um_d,hit
130,1,NDI/NDI_left_sensor -> BM_meter/bm_a,hit
130,1,NDI/NDI_left_sensor -> BM_meter/bm_b,hit
130,1,NDI/NDI_left_sensor -> BM_meter/bm_c,hit
130,1,NDI/NDI_left_sensor -> BM_meter/bm_d,hit
130,1,NDI/NDI_left_sensor -> EM/em_a,hit
130,1,NDI/NDI_left_sensor -> EM/em_b,hit
130,1,NDI/NDI_left_sensor -> EM/em_c,hit
130,1,NDI/NDI_left_sensor -> EM/em_d,hit
130,1,NDI/NDI_left_sensor -> FM/fm_a,hit
130,1,NDI/NDI_left_sensor -> FM/fm_b,hit
130,1,NDI/NDI_left_sensor -> FM/fm_c,hit
130,1,NDI/NDI_left_sensor -> FM/fm_d,hit
130,1,NDI/NDI_left_sensor -> UM/um_a,hit
130,1,NDI/NDI_left_sensor -> UM/um_b,hit
130,1,NDI/NDI_left_sensor -> UM/um_c,hit
130,1,NDI/NDI_left_sensor -> UM/um_d,hit
130,1,NDI/NDI_right_sensor -> BM_meter/bm_a,hit
130,1,NDI/NDI_right_sensor -> BM_meter/bm_b,hit
130,1,NDI/NDI_right_sensor -> BM_meter/bm_c,hit
130,1,NDI/NDI_right_sensor -> BM_meter/bm_d,hit
130,1,NDI/NDI_right_sensor -> EM/em_a,hit
130,1,NDI/NDI_right_sensor -> EM/em_b,hit
130,1,NDI/NDI_right_sensor -> EM/em_c,hit
130,1,NDI/NDI_right_sensor -> EM/em_d,hit
130,1,NDI/NDI_right_sensor -> FM/fm_a,hit
130,1,NDI/NDI_right_sensor -> FM/fm_b,hit
130,1,NDI/NDI_right_sensor -> FM/fm_c,hit
130,1,NDI/NDI_right_sensor -> FM/fm_d,hit
130,1,NDI/NDI_right_sensor -> UM/um_a,hit
130,1,NDI/NDI_right_sensor -> UM/um_b,hit
130,1,NDI/NDI_right_sensor -> UM/um_c,hit
130,1,NDI/NDI_right_sensor -> UM/um_d,hit
140,1,NDI/NDI_emitter -> BM_meter/bm_a,hit
140,1,NDI/NDI_emitter -> BM_meter/bm_b,hit
140,1,NDI/NDI_emitter -> BM_meter/bm_c,hit
140,1,NDI/NDI_emitter -> BM_meter/bm_d,hit
140,1,NDI/NDI_emitter -> EM/em_a,hit
140,1,NDI/NDI_emitter -> EM/em_b,hit
140,1,NDI/NDI_emitter -> EM/em_c,hit
140,1,NDI/NDI_emitter -> EM/em_d,hit
140,1,NDI/NDI_emitter -> FM/fm_a,hit
140,1,NDI/NDI_emitter -> FM/fm_b,hit
140,1,NDI/NDI_emitter -> FM/fm_c,hit
140,1,NDI/NDI_emitter -> FM/fm_d,hit
140,1,NDI/NDI_emitter -> UM/um_a,hit
140,1,NDI/NDI_emitter -> UM/um_b,hit
140,1,NDI/NDI_emitter -> UM/um_c,hit
140,1,NDI/NDI_emitter -> UM/um_d,hit
140,1,NDI/NDI_left_sensor -> BM_meter/bm_a,hit
140,1,NDI/NDI_left_sensor -> BM_meter/bm_b,hit
140,1,NDI/NDI_left_sensor -> BM_meter/bm_c,hit
140,1,NDI/NDI_left_sensor -> BM_meter/bm_d,hit
140,1,NDI/NDI_left_sensor -> EM/em_a,hit
140,1,NDI/NDI_left_sensor -> EM/em_b,hit
140,1,NDI/NDI_left_sensor -> EM/em_c,hit
140,1,NDI/NDI_left_sensor -> EM/em_d,hit
140,1,NDI/NDI_left_sensor -> FM/fm_a,hit
140,1,NDI/NDI_left_sensor -> FM/fm_b,hit
140,1,NDI/NDI_left_sensor -> FM/fm_c,hit
140,1,NDI/NDI_left_sensor -> FM/fm_d,hit
140,1,NDI/NDI_left_sensor -> UM/um_a,hit
140,1,NDI/NDI_left_sensor -> UM/um_b,hit
140,1,NDI/NDI_left_sensor -> UM/um_c,hit
140,1,NDI/NDI_left_sensor -> UM/um_d,hit
140,1,NDI/NDI_right_sensor -> BM_meter/bm_a,hit
140,1,NDI/NDI_right_sensor -> BM_meter/bm_b,hit
140,1,NDI/NDI_right_sensor -> BM_meter/bm_c,hit
140,1,NDI/NDI_right_sensor -> BM_meter/bm_d,hit
140,1,NDI/NDI_right_sensor -> EM/em_a,hit
140,1,NDI/NDI_right_sensor -> EM/em_b,hit
140,1,NDI/NDI_right_sensor -> EM/em_c,hit
140,1,NDI/NDI_right_sensor -> EM/em_d,hit
140,1,NDI/NDI_right_sensor -> FM/fm_a,hit
140,1,NDI/NDI_right_sensor -> FM/fm_b,hit
140,1,NDI/NDI_right_sensor -> FM/fm_c,hit
140,1,NDI/NDI_right_sensor -> FM/fm_d,hit
140,1,NDI/NDI_right_sensor -> UM/um_a,hit
140,1,NDI/NDI_right_sensor -> UM/um_b,hit
140,1,NDI/NDI_right_sensor -> UM/um_c,hit
140,1,NDI/NDI_right_sensor -> UM/um_d,hit
150,1,NDI/NDI_emitter -> BM_meter/bm_a,hit
150,1,NDI/NDI_emitter -> BM_meter/bm_b,hit
150,1,NDI/NDI_emitter -> BM_meter/bm_c,hit
150,1,NDI/NDI_emitter -> BM_meter/bm_d,hit
150,1,NDI/NDI_emitter -> EM/em_a,hit
150,1,NDI/NDI_emitter -> EM/em_b,hit
150,1,NDI/NDI_emitter -> EM/em_c,hit
150,1,NDI/NDI_emitter -> EM/em_d,hit
150,1,NDI/NDI_emitter -> FM/fm_a,hit
150,1,NDI/NDI_emitter -> FM/fm_b,hit
150,1,NDI/NDI_emitter -> FM/fm_c,hit
150,1,NDI/NDI_emitter -> FM/fm_d,hit
150,1,NDI/NDI_emitter -> UM/um_a,hit
150,1,NDI/NDI_emitter -> UM/um_b,hit
150,1,NDI/NDI_emitter -> UM/um_c,hit
150,1,NDI/NDI_emitter -> UM/um_d,hit
150,1,NDI/NDI_left_sensor -> BM_meter/bm_a,hit
150,1,NDI/NDI_left_sensor -> BM_meter/bm_b,hit
150,1,NDI/NDI_left_sensor -> BM_meter/bm_c,hit
150,1,NDI/NDI_left_sensor -> BM_meter/bm_d,hit
150,1,NDI/NDI_left_sensor -> EM/em_a,hit
150,1,NDI/NDI_left_sensor -> EM/em_b,hit
150,1,NDI/NDI_left_sensor -> EM/em_c,hit
150,1,NDI/NDI_left_sensor -> EM/em_d,hit
150,1,NDI/NDI_left_sensor -> FM/fm_a,hit
150,1,NDI/NDI_left_sensor -> FM/fm_b,hit
150,1,NDI/NDI_left_sensor -> FM/fm_c,hit
150,1,NDI/NDI_left_sensor -> FM/fm_d,hit
150,1,NDI/NDI_left_sensor -> UM/um_a,hit
150,1,NDI/NDI_left_sensor -> UM/um_b,hit
150,1,NDI/NDI_left_sensor -> UM/um_c,hit
150,1,NDI/NDI_left_sensor -> UM/um_d,hit
150,1,NDI/NDI_right_sensor -> BM_meter/bm_a,hit
150,1,NDI/NDI_right_sensor -> BM_meter/bm_b,hit
150,1,NDI/NDI_right_sensor -> BM_meter/bm_c,hit
150,1,NDI/NDI_right_sensor -> BM_meter/bm_d,hit
150,1,NDI/NDI_right_sensor -> EM/em_a,hit
150,1,NDI/NDI_right_sensor -> EM/em_b,hit
150,1,NDI/NDI_right_sensor -> EM/em_c,hit
150,1,NDI/NDI_right_sensor -> EM/em_d,hit
150,1,NDI/NDI_right_sensor -> FM/fm_a,hit
150,1,NDI/NDI_right_sensor -> FM/fm_b,hit
150,1,NDI/NDI_right_sensor -> FM/fm_c,hit
150,1,NDI/NDI_right_sensor -> FM/fm_d,hit
150,1,NDI/NDI_right_sensor -> UM/um_a,hit
150,1,NDI/NDI_right_sensor -> UM/um_b,hit
150,1,NDI/NDI_right_sensor -> UM/um_c,hit
150,1,NDI/NDI_right_sensor -> UM/um_d,hit
160,1,NDI/NDI_emitter -> BM_meter/bm_a,hit
160,1,NDI/NDI_emitter -> BM_meter/bm_b,hit
160,1,NDI/NDI_emitter -> BM_meter/bm_c,hit
160,1,NDI/NDI_emitter -> BM_meter/bm_d,hit
160,1,NDI/NDI_emitter -> EM/em_a,hit
160,1,NDI/NDI_emitter -> EM/em_b,hit
160,1,NDI/NDI_emitter -> EM/em_c,hit
160,1,NDI/NDI_emitter -> EM/em_d,hit
160,1,NDI/NDI_emitter -> FM/fm_a,hit
160,1,NDI/NDI_emitter -> FM/fm_b,hit
160,1,NDI/NDI_emitter -> FM/fm_c,hit
160,1,NDI/NDI_emitter -> FM/fm_d,hit
160,1,NDI/NDI_emitter -> UM/um_a,hit
160,1,NDI/NDI_emitter -> UM/um_b,hit
160,1,NDI/NDI_emitter -> UM/um_c,hit
160,1,NDI/NDI_emitter -> UM/um_d,hit
160,1,NDI/NDI_left_sensor -> BM_meter/bm_a,hit
160,1,NDI/NDI_left_sensor -> BM_meter/bm_b,hit
160,1,NDI/NDI_left_sensor -> BM_meter/bm_c,hit
160,1,NDI/NDI_left_sensor -> BM_meter/bm_d,hit
160,1,NDI/NDI_left_sensor -> EM/em_a,hit
160,1,NDI/NDI_left_sensor -> EM/em_b,hit
160,1,NDI/NDI_left_sensor -> EM/em_c,hit
160,1,NDI/NDI_left_sensor -> EM/em_d,hit
160,1,NDI/NDI_left_sensor -> FM/fm_a,hit
160,1,NDI/NDI_left_sensor -> FM/fm_b,hit
160,1,NDI/NDI_left_sensor -> FM/fm_c,hit
160,1,NDI/NDI_left_sensor -> FM/fm_d,hit
160,1,NDI/NDI_left_sensor -> UM/um_a,hit
160,1,NDI/NDI_left_sensor -> UM/um_b,hit
160,1,NDI/NDI_left_sensor -> UM/um_c,hit
160,1,NDI/NDI_left_sensor -> UM/um_d,hit
160,1,NDI/NDI_right_sensor -> BM_meter/bm_a,hit
160,1,NDI/NDI_right_sensor -> BM_meter/bm_b,hit
160,1,NDI/NDI_right_sensor -> BM_meter/bm_c,hit
160,1,NDI/NDI_right_sensor -> BM_meter/bm_d,hit
160,1,NDI/NDI_right_sensor -> EM/em_a,hit
160,1,NDI/NDI_right_sensor -> EM/em_b,hit
160,1,NDI/NDI_right_sensor -> EM/em_c,hit
160,1,NDI/NDI_right_sensor -> EM/em_d,hit
160,1,NDI/NDI_right_sensor -> FM/fm_a,hit
160,1,NDI/NDI_right_sensor -> FM/fm_b,hit
160,1,NDI/NDI_right_sensor -> FM/fm_c,hit
160,1,NDI/NDI_right_sensor -> FM/fm_d,hit
160,1,NDI/NDI_right_sensor -> UM/um_a,hit
160,1,NDI/NDI_right_sensor -> UM/um_b,hit
160,1,NDI/NDI_right_sensor -> UM/um_c,hit
160,1,NDI/NDI_right_sensor -> UM/um_d,hit
170,1,NDI/NDI_emitter -> BM_meter/bm_a,hit
170,1,NDI/NDI_emitter -> BM_meter/bm_b,hit
170,1,NDI/NDI_emitter -> BM_meter/bm_c,hit
170,1,NDI/NDI_emitter -> BM_meter/bm_d,hit
170,1,NDI/NDI_emitter -> EM/em_a,hit
170,1,NDI/NDI_emitter -> EM/em_b,hit
170,1,NDI/NDI_emitter -> EM/em_c,hit
170,1,NDI/NDI_emitter -> EM/em_d,hit
170,1,NDI/NDI_emitter -> FM/fm_a,hit
170,1,NDI/NDI_emitter -> FM/fm_b,hit
170,1,NDI/NDI_emitter -> FM/fm_c,hit
170,1,NDI/NDI_emitter -> FM/fm_d,hit
170,1,NDI/NDI_emitter -> UM/um_a,hit
170,1,NDI/NDI_emitter -> UM/um_b,hit
170,1,NDI/NDI_emitter -> UM/um_c,hit
170,1,NDI/NDI_emitter -> UM/um_d,hit
170,1,NDI/NDI_left_sensor -> BM_meter/bm_a,hit
170,1,NDI/NDI_left_sensor -> BM_meter/bm_b,hit
170,1,NDI/NDI_left_sensor -> BM_meter/bm_c,hit
170,1,NDI/NDI_left_sensor -> BM_meter/bm_d,hit
170,1,NDI/NDI_left_sensor -> EM/em_a,hit
170,1,NDI/NDI_left_sensor -> EM/em_b,hit
170,1,NDI/NDI_left_sensor -> EM/em_c,hit
170,1,NDI/NDI_left_sensor -> EM/em_d,hit
170,1,NDI/NDI_left_sensor -> FM/fm_a,hit
170,1,NDI/NDI_left_sensor -> FM/fm_b,hit
170,1,NDI/NDI_left_sensor -> FM/fm_c,hit
170,1,NDI/NDI_left_sensor -> FM/fm_d,hit
170,1,NDI/NDI_left_sensor -> UM/um_a,hit
170,1,NDI/NDI_left_sensor -> UM/um_b,hit
170,1,NDI/NDI_left_sensor -> UM/um_c,hit
170,1,NDI/NDI_left_sensor -> UM/um_d,hit
170,1,NDI/NDI_right_sensor -> BM_meter/bm_a,hit
170,1,NDI/NDI_right_sensor -> BM_meter/bm_b,hit
170,1,NDI/NDI_right_sensor -> BM_meter/bm_c,hit
170,1,NDI/NDI_right_sensor -> BM_meter/bm_d,hit
170,1,NDI/NDI_right_sensor -> EM/em_a,hit
170,1,NDI/NDI_right_sensor -> EM/em_b,hit
170,1,NDI/NDI_right_sensor -> EM/em_c,hit
170,1,NDI/NDI_right_sensor -> EM/em_d,hit
170,1,NDI/NDI_right_sensor -> FM/fm_a,hit
170,1,NDI/NDI_right_sensor -> FM/fm_b,hit
170,1,NDI/NDI_right_sensor -> FM/fm_c,hit
170,1,NDI/NDI_right_sensor -> FM/fm_d,hit
170,1,NDI/NDI_right_sensor -> UM/um_a,hit
170,1,NDI/NDI_right_sensor -> UM/um_b,hit
170,1,NDI/NDI_right_sensor -> UM/um_c,hit
170,1,NDI/NDI_right_sensor -> UM/um_d,hit
180,1,NDI/NDI_emitter -> BM_meter/bm_a,hit
180,1,NDI/NDI_emitter -> BM_meter/bm_b,hit
180,1,NDI/NDI_emitter -> BM_meter/bm_c,hit
180,1,NDI/NDI_emitter -> BM_meter/bm_d,hit
180,1,NDI/NDI_emitter -> EM/em_a,hit
180,1,NDI/NDI_emitter -> EM/em_b,hit
180,1,NDI/NDI_emitter -> EM/em_c,hit
180,1,NDI/NDI_emitter -> EM/em_d,hit
180,1,NDI/NDI_emitter -> FM/fm_a,hit
180,1,NDI/NDI_emitter -> FM/fm_b,hit
180,1,NDI/NDI_emitter -> FM/fm_c,hit
180,1,NDI/NDI_emitter -> FM/fm_d,hit
180,1,NDI/NDI_emitter -> UM/um_a,hit
180,1,NDI/NDI_emitter -> UM/um_b,hit
180,1,NDI/NDI_emitter -> UM/um_c,hit
180,1,NDI/NDI_emitter -> UM/um_d,hit
180,1,NDI/NDI_left_sensor -> BM_meter/bm_a,hit
180,1,NDI/NDI_left_sensor -> BM_meter/bm_b,hit
180,1,NDI/NDI_left_sensor -> BM_meter/bm_c,hit
180,1,NDI/NDI_left_sensor -> BM_meter/bm_d,hit
180,1,NDI/NDI_left_sensor -> EM/em_a,hit
180,1,NDI/NDI_left_sensor -> EM/em_b,hit
180,1,NDI/NDI_left_sensor -> EM/em_c,hit
180,1,NDI/NDI_left_sensor -> EM/em_d,hit
180,1,NDI/NDI_left_sensor -> FM/fm_a,hit
180,1,NDI/NDI_left_sensor -> FM/fm_b,hit
180,1,NDI/NDI_left_sensor -> FM/fm_c,hit
180,1,NDI/NDI_left_sensor -> FM/fm_d,hit
180,1,NDI/NDI_left_sensor -> UM/um_a,hit
180,1,NDI/NDI_left_sensor -> UM/um_b,hit
180,1,NDI/NDI_left_sensor -> UM/um_c,hit
180,1,NDI/NDI_left_sensor -> UM/um_d,hit
180,1,NDI/NDI_right_sensor -> BM_meter/bm_a,hit
180,1,NDI/NDI_right_sensor -> BM_meter/bm_b,hit
180,1,NDI/NDI_right_sensor -> BM_meter/bm_c,hit
180,1,NDI/NDI_right_sensor -> BM_meter/bm_d,hit
180,1,NDI/NDI_right_sensor -> EM/em_a,hit
180,1,NDI/NDI_right_sensor -> EM/em_b,hit
180,1,NDI/NDI_right_sensor -> EM/em_c,hit
180,1,NDI/NDI_right_sensor -> EM/em_d,hit
180,1,NDI/NDI_right_sensor -> FM/fm_a,hit
180,1,NDI/NDI_right_sensor -> FM/fm_b,hit
180,1,NDI/NDI_right_sensor -> FM/fm_c,hit
180,1,NDI/NDI_right_sensor -> FM/fm_d,hit
180,1,NDI/NDI_right_sensor -> UM/um_a,hit
180,1,NDI/NDI_right_sensor -> UM/um_b,hit
180,1,NDI/NDI_right_sensor -> UM/um_c,hit
180,1,NDI/NDI_right_sensor -> UM/um_d,hit
190,1,NDI/NDI_emitter -> BM_meter/bm_a,hit
190,1,NDI/NDI_emitter -> BM_meter/bm_b,hit
190,1,NDI/NDI_emitter -> BM_meter/bm_c,hit
190,1,NDI/NDI_emitter -> BM_meter/bm_d,hit
190,1,NDI/NDI_emitter -> EM/em_a,hit
190,1,NDI/NDI_emitter -> EM/em_b,hit
190,1,NDI/NDI_emitter -> EM/em_c,hit
190,1,NDI/NDI_emitter -> EM/em_d,hit
190,1,NDI/NDI_emitter -> FM/fm_a,hit
190,1,NDI/NDI_emitter -> FM/fm_b,hit
190,1,NDI/NDI_emitter -> FM/fm_c,hit
190,1,NDI/NDI_emitter -> FM/fm_d,hit
190,1,NDI/NDI_emitter -> UM/um_a,hit
190,1,NDI/NDI_emitter -> UM/um_b,hit
190,1,NDI/NDI_emitter -> UM/um_c,hit
190,1,NDI/NDI_emitter -> UM/um_d,hit
190,1,NDI/NDI_left_sensor -> BM_meter/bm_a,hit
190,1,NDI/NDI_left_sensor -> BM_meter/bm_b,hit
190,1,NDI/NDI_left_sensor -> BM_meter/bm_c,hit
190,1,NDI/NDI_left_sensor -> BM_meter/bm_d,hit
190,1,NDI/NDI_left_sensor -> EM/em_a,hit
190,1,NDI/NDI_left_sensor -> EM/em_b,hit
190,1,NDI/NDI_left_sensor -> EM/em_c,hit
190,1,NDI/NDI_left_sensor -> EM/em_d,hit
190,1,NDI/NDI_left_sensor -> FM/fm_a,hit
190,1,NDI/NDI_left_sensor -> FM/fm_b,hit
190,1,NDI/NDI_left_sensor -> FM/fm_c,hit
190,1,NDI/NDI_left_sensor -> FM/fm_d,hit
190,1,NDI/NDI_left_sensor -> UM/um_a,hit
190,1,NDI/NDI_left_sensor -> UM/um_b,hit
190,1,NDI/NDI_left_sensor -> UM/um_c,hit
190,1,NDI/NDI_left_sensor -> UM/um_d,hit
190,1,NDI/NDI_right_sensor -> BM_meter/bm_a,hit
190,1,NDI/NDI_right_sensor -> BM_meter/bm_b,hit
190,1,NDI/NDI_right_sensor -> BM_meter/bm_c,hit
190,1,NDI/NDI_right_sensor -> BM_meter/bm_d,hit
190,1,NDI/NDI_right_sensor -> EM/em_a,hit
190,1,NDI/NDI_right_sensor -> EM/em_b,hit
190,1,NDI/NDI_right_sensor -> EM/em_c,hit
190,1,NDI/NDI_right_sensor -> EM/em_d,hit
190,1,NDI/NDI_right_sensor -> FM/fm_a,hit
190,1,NDI/NDI_right_sensor -> FM/fm_b,hit
190,1,NDI/NDI_right_sensor -> FM/fm_c,hit
190,1,NDI/NDI_right_sensor -> FM/fm_d,hit
190,1,NDI/NDI_right_sensor -> UM/um_a,hit
190,1,NDI/NDI_right_sensor -> UM/um_b,hit
190,1,NDI/NDI_right_sensor -> UM/um_c,hit
190,1,NDI/NDI_right_sensor -> UM/um_d,hit
200,1,NDI/NDI_emitter -> BM_meter/bm_a,hit
200,1,NDI/NDI_emitter -> BM_meter/bm_b,hit
200,1,NDI/NDI_emitter -> BM_meter/bm_c,hit
200,1,NDI/NDI_emitter -> BM_meter/bm_d,hit
200,1,NDI/NDI_emitter -> EM/em_a,hit
200,1,NDI/NDI_emitter -> EM/em_b,hit
200,1,NDI/NDI_emitter -> EM/em_c,hit
200,1,NDI/NDI_emitter -> EM/em_d,hit
200,1,NDI/NDI_emitter -> FM/fm_a,hit
200,1,NDI/NDI_emitter -> FM/fm_b,hit
200,1,NDI/NDI_emitter -> FM/fm_c,hit
200,1,NDI/NDI_emitter -> FM/fm_d,hit
200,1,NDI/NDI_emitter -> UM/um_a,hit
200,1,NDI/NDI_emitter -> UM/um_b,hit
200,1,NDI/NDI_emitter -> UM/um_c,hit
200,1,NDI/NDI_emitter -> UM/um_d,hit
200,1,NDI/NDI_left_sensor -> BM_meter/bm_a,hit
200,1,NDI/NDI_left_sensor -> BM_meter/bm_b,hit
200,1,NDI/NDI_left_sensor -> BM_meter/bm_c,hit
200,1,NDI/NDI_left_sensor -> BM_meter/bm_d,hit
200,1,NDI/NDI_left_sensor -> EM/em_a,hit
200,1,NDI/NDI_left_sensor -> EM/em_b,hit
200,1,NDI/NDI_left_sensor -> EM/em_c,hit
200,1,NDI/NDI_left_sensor -> EM/em_d,hit
200,1,NDI/NDI_left_sensor -> FM/fm_a,hit
200,1,NDI/NDI_left_sensor -> FM/fm_b,hit
200,1,NDI/NDI_left_sensor -> FM/fm_c,hit
200,1,NDI/NDI_left_sensor -> FM/fm_d,hit
200,1,NDI/NDI_left_sensor -> UM/um_a,hit
200,1,NDI/NDI_left_sensor -> UM/um_b,hit
200,1,NDI/NDI_left_sensor -> UM/um_c,hit
200,1,NDI/NDI_left_sensor -> UM/um_d,hit
200,1,NDI/NDI_right_sensor -> BM_meter/bm_a,hit
200,1,NDI/NDI_right_sensor -> BM_meter/bm_b,hit
200,1,NDI/NDI_right_sensor -> BM_meter/bm_c,hit
200,1,NDI/NDI_right_sensor -> BM_meter/bm_d,hit
200,1,NDI/NDI_right_sensor -> EM/em_a,hit
200,1,NDI/NDI_right_sensor -> EM/em_b,hit
200,1,NDI/NDI_right_sensor -> EM/em_c,hit
200,1,NDI/NDI_right_sensor -> EM/em_d,hit
200,1,NDI/NDI_right_sensor -> FM/fm_a,hit
200,1,NDI/NDI_right_sensor -> FM/fm_b,hit
200,1,NDI/NDI_right_sensor -> FM/fm_c,hit
200,1,NDI/NDI_right_sensor -> FM/fm_d,hit
200,1,NDI/NDI_right_sensor -> UM/um_a,hit
200,1,NDI/NDI_right_sensor -> UM/um_b,hit
200,1,NDI/NDI_right_sensor -> UM/um_c,hit
200,1,NDI/NDI_right_sensor -> UM/um_d,hit
210,1,NDI/NDI_emitter -> BM_meter/bm_a,hit
210,1,NDI/NDI_emitter -> BM_meter/bm_b,hit
210,1,NDI/NDI_emitter -> BM_meter/bm_c,hit
210,1,NDI/NDI_emitter -> BM_meter/bm_d,hit
210,1,NDI/NDI_emitter -> EM/em_a,hit
210,1,NDI/NDI_emitter -> EM/em_b,hit
210,1,NDI/NDI_emitter -> EM/em_c,hit
210,1,NDI/NDI_emitter -> EM/em_d,hit
210,1,NDI/NDI_emitter -> FM/fm_a,hit
210,1,NDI/NDI_emitter -> FM/fm_b,hit
210,1,NDI/NDI_emitter -> FM/fm_c,hit
210,1,NDI/NDI_emitter -> FM/fm_d,hit
210,1,NDI/NDI_emitter -> UM/um_a,hit
210,1,NDI/NDI_emitter -> UM/um_b,hit
210,1,NDI/NDI_emitter -> UM/um_c,hit
210,1,NDI/NDI_emitter -> UM/um_d,hit
210,1,NDI/NDI_left_sensor -> BM_meter/bm_a,hit
210,1,NDI/NDI_left_sensor -> BM_meter/bm_b,hit
210,1,NDI/NDI_left_sensor -> BM_meter/bm_c,hit
210,1,NDI/NDI_left_sensor -> BM_meter/bm_d,hit
210,1,NDI/NDI_left_sensor -> EM/em_a,hit
210,1,NDI/NDI_left_sensor -> EM/em_b,hit
210,1,NDI/NDI_left_sensor -> EM/em_c,hit
210,1,NDI/NDI_left_sensor -> EM/em_d,hit
210,1,NDI/NDI_left_sensor -> FM/fm_a,hit
210,1,NDI/NDI_left_sensor -> FM/fm_b,hit
210,1,NDI/NDI_left_sensor -> FM/fm_c,hit
210,1,NDI/NDI_left_sensor -> FM/fm_d,hit
210,1,NDI/NDI_left_sensor -> UM/um_a,hit
210,1,NDI/NDI_left_sensor -> UM/um_b,hit
210,1,NDI/NDI_left_sensor -> UM/um_c,hit
210,1,NDI/NDI_left_sensor -> UM/um_d,hit
210,1,NDI/NDI_right_sensor -> BM_meter/bm_a,hit
210,1,NDI/NDI_right_sensor -> BM_meter/bm_b,hit
210,1,NDI/NDI_right_sensor -> BM_meter/bm_c,hit
210,1,NDI/NDI_right_sensor -> BM_meter/bm_d,hit
210,1,NDI/NDI_right_sensor -> EM/em_a,hit
210,1,NDI/NDI_right_sensor -> EM/em_b,hit
210,1,NDI/NDI_right_sensor -> EM/em_c,hit
210,1,NDI/NDI_right_sensor -> EM/em_d,hit
210,1,NDI/NDI_right_sensor -> FM/fm_a,hit
210,1,NDI/NDI_right_sensor -> FM/fm_b,hit
210,1,NDI/NDI_right_sensor -> FM/fm_c,hit
210,1,NDI/NDI_right_sensor -> FM/fm_d,hit
210,1,NDI/NDI_right_sensor -> UM/um_a,hit
210,1,NDI/NDI_right_sensor -> UM/um_b,hit
210,1,NDI/NDI_right_sensor -> UM/um_c,hit
210,1,NDI/NDI_right_sensor -> UM/um_d,hit
220,1,NDI/NDI_emitter -> BM_meter/bm_a,hit
220,1,NDI/NDI_emitter -> BM_meter/bm_b,hit
220,1,NDI/NDI_emitter -> BM_meter/bm_c,hit
220,1,NDI/NDI_emitter -> BM_meter/bm_d,hit
220,1,NDI/NDI_emitter -> EM/em_a,hit
220,1,NDI/NDI_emitter -> EM/em_b,hit
220,1,NDI/NDI_emitter -> EM/em_c,hit
220,1,NDI/NDI_emitter -> EM/em_d,hit
220,1,NDI/NDI_emitter -> FM/fm_a,hit
220,1,NDI/NDI_emitter -> FM/fm_b,hit
220,1,NDI/NDI_emitter -> FM/fm_c,hit
220,1,NDI/NDI_emitter -> FM/fm_d,hit
220,1,NDI/NDI_emitter -> UM/um_a,hit
220,1,NDI/NDI_emitter -> UM/um_b,hit
220,1,NDI/NDI_emitter -> UM/um_c,hit
220,1,NDI/NDI_emitter -> UM/um_d,hit
220,1,NDI/NDI_left_sensor -> BM_meter/bm_a,hit
220,1,NDI/NDI_left_sensor -> BM_meter/bm_b,hit
220,1,NDI/NDI_left_sensor -> BM_meter/bm_c,hit
220,1,NDI/NDI_left_sensor -> BM_meter/bm_d,hit
220,1,NDI/NDI_left_sensor -> EM/em_a,hit
220,1,NDI/NDI_left_sensor -> EM/em_b,hit
220,1,NDI/NDI_left_sensor -> EM/em_c,hit
220,1,NDI/NDI_left_sensor -> EM/em_d,hit
220,1,NDI/NDI_left_sensor -> FM/fm_a,hit
220,1,NDI/NDI_left_sensor -> FM/fm_b,hit
220,1,NDI/NDI_left_sensor -> FM/fm_c,hit
220,1,NDI/NDI_left_sensor -> FM/fm_d,hit
220,1,NDI/NDI_left_sensor -> UM/um_a,hit
220,1,NDI/NDI_left_sensor -> UM/um_b,hit
220,1,NDI/NDI_left_sensor -> UM/um_c,hit
220,1,NDI/NDI_left_sensor -> UM/um_d,hit
220,1,NDI/NDI_right_sensor -> BM_meter/bm_a,hit
220,1,NDI/NDI_right_sensor -> BM_meter/bm_b,hit
220,1,NDI/NDI_right_sensor -> BM_meter/bm_c,hit
220,1,NDI/NDI_right_sensor -> BM_meter/bm_d,hit
220,1,NDI/NDI_right_sensor -> EM/em_a,hit
220,1,NDI/NDI_right_sensor -> EM/em_b,hit
220,1,NDI/NDI_right_sensor -> EM/em_c,hit
220,1,NDI/NDI_right_sensor -> EM/em_d,hit
220,1,NDI/NDI_right_sensor -> FM/fm_a,hit
220,1,NDI/NDI_right_sensor -> FM/fm_b,hit
220,1,NDI/NDI_right_sensor -> FM/fm_c,hit
220,1,NDI/NDI_right_sensor -> FM/fm_d,hit
220,1,NDI/NDI_right_sensor -> UM/um_a,hit
220,1,NDI/NDI_right_sensor -> UM/um_b,hit
220,1,NDI/NDI_right_sensor -> UM/um_c,hit
220,1,NDI/NDI_right_sensor -> UM/um_d,hit
230,1,NDI/NDI_emitter -> BM_meter/bm_a,hit
230,1,NDI/NDI_emitter -> BM_meter/bm_b,hit
230,1,NDI/NDI_emitter -> BM_meter/bm_c,hit
230,1,NDI/NDI_emitter -> BM_meter/bm_d,hit
230,1,NDI/NDI_emitter -> EM/em_a,hit
230,1,NDI/NDI_emitter -> EM/em_b,hit
230,1,NDI/NDI_emitter -> EM/em_c,hit
230,1,NDI/NDI_emitter -> EM/em_d,hit
230,1,NDI/NDI_emitter -> FM/fm_a,hit
230,1,NDI/NDI_emitter -> FM/fm_b,hit
230,1,NDI/NDI_emitter -> FM/fm_c,hit
230,1,NDI/NDI_emitter -> FM/fm_d,hit
230,1,NDI/NDI_emitter -> UM/um_a,hit
230,1,NDI/NDI_emitter -> UM/um_b,hit
230,1,NDI/NDI_emitter -> UM/um_c,hit
230,1,NDI/NDI_emitter -> UM/um_d,hit
230,1,NDI/NDI_left_sensor -> BM_meter/bm_a,hit
230,1,NDI/NDI_left_sensor -> BM_meter/bm_b,hit
230,1,NDI/NDI_left_sensor -> BM_meter/bm_c,hit
230,1,NDI/NDI_left_sensor -> BM_meter/bm_d,hit
230,1,NDI/NDI_left_sensor -> EM/em_a,hit
230,1,NDI/NDI_left_sensor -> EM/em_b,hit
230,1,NDI/NDI_left_sensor -> EM/em_c,hit
230,1,NDI/NDI_left_sensor -> EM/em_d,hit
230,1,NDI/NDI_left_sensor -> FM/fm_a,hit
230,1,NDI/NDI_left_sensor -> FM/fm_b,hit
230,1,NDI/NDI_left_sensor -> FM/fm_c,hit
230,1,NDI/NDI_left_sensor -> FM/fm_d,hit
230,1,NDI/NDI_left_sensor -> UM/um_a,hit
230,1,NDI/NDI_left_sensor -> UM/um_b,hit
230,1,NDI/NDI_left_sensor -> UM/um_c,hit
230,1,NDI/NDI_left_sensor -> UM/um_d,hit
230,1,NDI/NDI_right_sensor -> BM_meter/bm_a,hit
230,1,NDI/NDI_right_sensor -> BM_meter/bm_b,hit
230,1,NDI/NDI_right_sensor -> BM_meter/bm_c,hit
230,1,NDI/NDI_right_sensor -> BM_meter/bm_d,hit
230,1,NDI/NDI_right_sensor -> EM/em_a,hit
230,1,NDI/NDI_right_sensor -> EM/em_b,hit
230,1,NDI/NDI_right_sensor -> EM/em_c,hit
230,1,NDI/NDI_right_sensor -> EM/em_d,hit
230,1,NDI/NDI_right_sensor -> FM/fm_a,hit
230,1,NDI/NDI_right_sensor -> FM/fm_b,hit
230,1,NDI/NDI_right_sensor -> FM/fm_c,hit
230,1,NDI/NDI_right_sensor -> FM/fm_d,hit
230,1,NDI/NDI_right_sensor -> UM/um_a,hit
230,1,NDI/NDI_right_sensor -> UM/um_b,hit
230,1,NDI/NDI_right_sensor -> UM/um_c,hit
230,1,NDI/NDI_right_sensor -> UM/um_d,hit
240,1,NDI/NDI_emitter -> BM_meter/bm_a,hit
240,1,NDI/NDI_emitter -> BM_meter/bm_b,hit
240,1,NDI/NDI_emitter -> BM_meter/bm_c,hit
240,1,NDI/NDI_emitter -> BM_meter/bm_d,hit
240,1,NDI/NDI_emitter -> EM/em_a,hit
240,1,NDI/NDI_emitter -> EM/em_b,hit
240,1,NDI/NDI_emitter -> EM/em_c,hit
240,1,NDI/NDI_emitter -> EM/em_d,hit
240,1,NDI/NDI_emitter -> FM/fm_a,hit
240,1,NDI/NDI_emitter -> FM/fm_b,hit
240,1,NDI/NDI_emitter -> FM/fm_c,hit
240,1,NDI/NDI_emitter -> FM/fm_d,hit
240,1,NDI/NDI_emitter -> UM/um_a,hit
240,1,NDI/NDI_emitter -> UM/um_b,hit
240,1,NDI/NDI_emitter -> UM/um_c,hit
240,1,NDI/NDI_emitter -> UM/um_d,hit
240,1,NDI/NDI_left_sensor -> BM_meter/bm_a,hit
240,1,NDI/NDI_left_sensor -> BM_meter/bm_b,hit
240,1,NDI/NDI_left_sensor -> BM_meter/bm_c,hit
240,1,NDI/NDI_left_sensor -> BM_meter/bm_d,hit
240,1,NDI/NDI_left_sensor -> EM/em_a,hit
240,1,NDI/NDI_left_sensor -> EM/em_b,hit
240,1,NDI/NDI_left_sensor -> EM/em_c,hit
240,1,NDI/NDI_left_sensor -> EM/em_d,hit
240,1,NDI/NDI_left_sensor -> FM/fm_a,hit
240,1,NDI/NDI_left_sensor -> FM/fm_b,hit
240,1,NDI/NDI_left_sensor -> FM/fm_c,hit
240,1,NDI/NDI_left_sensor -> FM/fm_d,hit
240,1,NDI/NDI_left_sensor -> UM/um_a,hit
240,1,NDI/NDI_left_sensor -> UM/um_b,hit
240,1,NDI/NDI_left_sensor -> UM/um_c,hit
240,1,NDI/NDI_left_sensor -> UM/um_d,hit
240,1,NDI/NDI_right_sensor -> BM_meter/bm_a,hit
240,1,NDI/NDI_right_sensor -> BM_meter/bm_b,hit
240,1,NDI/NDI_right_sensor -> BM_meter/bm_c,hit
240,1,NDI/NDI_right_sensor -> BM_meter/bm_d,hit
240,1,NDI/NDI_right_sensor -> EM/em_a,hit
240,1,NDI/NDI_right_sensor -> EM/em_b,hit
240,1,NDI/NDI_right_sensor -> EM/em_c,hit
240,1,NDI/NDI_right_sensor -> EM/em_d,hit
240,1,NDI/NDI_right_sensor -> FM/fm_a,hit
240,1,NDI/NDI_right_sensor -> FM/fm_b,hit
240,1,NDI/NDI_right_sensor -> FM/fm_c,hit
240,1,NDI/NDI_right_sensor -> FM/fm_d,hit
240,1,NDI/NDI_right_sensor -> UM/um_a,hit
240,1,NDI/NDI_right_sensor -> UM/um_b,hit
240,1,NDI/NDI_right_sensor -> UM/um_c,hit
240,1,NDI/NDI_right_sensor -> UM/um_d,hit
250,1,NDI/NDI_emitter -> BM_meter/bm_a,hit
250,1,NDI/NDI_emitter -> BM_meter/bm_b,hit
250,1,NDI/NDI_emitter -> BM_meter/bm_c,hit
250,1,NDI/NDI_emitter -> BM_meter/bm_d,hit
250,1,NDI/NDI_emitter -> EM/em_a,hit
250,1,NDI/NDI_emitter -> EM/em_b,hit
250,1,NDI/NDI_emitter -> EM/em_c,hit
250,1,NDI/NDI_emitter -> EM/em_d,hit
250,1,NDI/NDI_emitter -> FM/fm_a,hit
250,1,NDI/NDI_emitter -> FM/fm_b,hit
250,1,NDI/NDI_emitter -> FM/fm_c,hit
250,1,NDI/NDI_emitter -> FM/fm_d,hit
250,1,NDI/NDI_emitter -> UM/um_a,hit
250,1,NDI/NDI_emitter -> UM/um_b,hit
250,1,NDI/NDI_emitter -> UM/um_c,hit
250,1,NDI/NDI_emitter -> UM/um_d,hit
250,1,NDI/NDI_left_sensor -> BM_meter/bm_a,hit
250,1,NDI/NDI_left_sensor -> BM_meter/bm_b,hit
250,1,NDI/NDI_left_sensor -> BM_meter/bm_c,hit
250,1,NDI/NDI_left_sensor -> BM_meter/bm_d,hit
250,1,NDI/NDI_left_sensor -> EM/em_a,hit
250,1,NDI/NDI_left_sensor -> EM/em_b,hit
250,1,NDI/NDI_left_sensor -> EM/em_c,hit
250,1,NDI/NDI_left_sensor -> EM/em_d,hit
250,1,NDI/NDI_left_sensor -> FM/fm_a,hit
250,1,NDI/NDI_left_sensor -> FM/fm_b,hit
250,1,NDI/NDI_left_sensor -> FM/fm_c,hit
250,1,NDI/NDI_left_sensor -> FM/fm_d,hit
250,1,NDI/NDI_left_sensor -> UM/um_a,hit
250,1,NDI/NDI_left_sensor -> UM/um_b,hit
250,1,NDI/NDI_left_sensor -> UM/um_c,hit
250,1,NDI/NDI_left_sensor -> UM/um_d,hit
250,1,NDI/NDI_right_sensor -> BM_meter/bm_a,hit
250,1,NDI/NDI_right_sensor -> BM_meter/bm_b,hit
250,1,NDI/NDI_right_sensor -> BM_meter/bm_c,hit
250,1,NDI/NDI_right_sensor -> BM_meter/bm_d,hit
250,1,NDI/NDI_right_sensor -> EM/em_a,hit
250,1,NDI/NDI_right_sensor -> EM/em_b,hit
250,1,NDI/NDI_right_sensor -> EM/em_c,hit
250,1,NDI/NDI_right_sensor -> EM/em_d,hit
250,1,NDI/NDI_right_sensor -> FM/fm_a,hit
250,1,NDI/NDI_right_sensor -> FM/fm_b,hit
250,1,NDI/NDI_right_sensor -> FM/fm_c,hit
250,1,NDI/NDI_right_sensor -> FM/fm_d,hit
250,1,NDI/NDI_right_sensor -> UM/um_a,hit
250,1,NDI/NDI_right_sensor -> UM/um_b,hit
250,1,NDI/NDI_right_sensor -> UM/um_c,hit
250,1,NDI/NDI_right_sensor -> UM/um_d,hit
260,1,NDI/NDI_emitter -> BM_meter/bm_a,hit
260,1,NDI/NDI_emitter -> BM_meter/bm_b,hit
260,1,NDI/NDI_emitter -> BM_meter/bm_c,hit
260,1,NDI/NDI_emitter -> BM_meter/bm_d,hit
260,1,NDI/NDI_emitter -> EM/em_a,hit
260,1,NDI/NDI_emitter -> EM/em_b,hit
260,1,NDI/NDI_emitter -> EM/em_c,hit
260,1,NDI/NDI_emitter -> EM/em_d,hit
260,1,NDI/NDI_emitter -> FM/fm_a,hit
260,1,NDI/NDI_emitter -> FM/fm_b,hit
260,1,NDI/NDI_emitter -> FM/fm_c,hit
260,1,NDI/NDI_emitter -> FM/fm_d,hit
260,1,NDI/NDI_emitter -> UM/um_a,hit
260,1,NDI/NDI_emitter -> UM/um_b,hit
260,1,NDI/NDI_emitter -> UM/um_c,hit
260,1,NDI/NDI_emitter -> UM/um_d,hit
260,1,NDI/NDI_left_sensor -> BM_meter/bm_a,hit
260,1,NDI/NDI_left_sensor -> BM_meter/bm_b,hit
260,1,NDI/NDI_left_sensor -> BM_meter/bm_c,hit
260,1,NDI/NDI_left_sensor -> BM_meter/bm_d,hit
260,1,NDI/NDI_left_sensor -> EM/em_a,hit
260,1,NDI/NDI_left_sensor -> EM/em_b,hit
260,1,NDI/NDI_left_sensor -> EM/em_c,hit
260,1,NDI/NDI_left_sensor -> EM/em_d,hit
260,1,NDI/NDI_left_sensor -> FM/fm_a,hit
260,1,NDI/NDI_left_sensor -> FM/fm_b,hit
260,1,NDI/NDI_left_sensor -> FM/fm_c,hit
260,1,NDI/NDI_left_sensor -> FM/fm_d,hit
260,1,NDI/NDI_left_sensor -> UM/um_a,hit
260,1,NDI/NDI_left_sensor -> UM/um_b,hit
260,1,NDI/NDI_left_sensor -> UM/um_c,hit
260,1,NDI/NDI_left_sensor -> UM/um_d,hit
260,1,NDI/NDI_right_sensor -> BM_meter/bm_a,hit
260,1,NDI/NDI_right_sensor -> BM_meter/bm_b,hit
260,1,NDI/NDI_right_sensor -> BM_meter/bm_c,hit
260,1,NDI/NDI_right_sensor -> BM_meter/bm_d,hit
260,1,NDI/NDI_right_sensor -> EM/em_a,hit
260,1,NDI/NDI_right_sensor -> EM/em_b,hit
260,1,NDI/NDI_right_sensor -> EM/em_c,hit
260,1,NDI/NDI_right_sensor -> EM/em_d,hit
260,1,NDI/NDI_right_sensor -> FM/fm_a,hit
260,1,NDI/NDI_right_sensor -> FM/fm_b,hit
260,1,NDI/NDI_right_sensor -> FM/fm_c,hit
260,1,NDI/NDI_right_sensor -> FM/fm_d,hit
260,1,NDI/NDI_right_sensor -> UM/um_a,hit
260,1,NDI/NDI_right_sensor -> UM/um_b,hit
260,1,NDI/NDI_right_sensor -> UM/um_c,hit
260,1,NDI/NDI_right_sensor -> UM/um_d,hit
270,1,NDI/NDI_emitter -> BM_meter/bm_a,hit
270,1,NDI/NDI_emitter -> BM_meter/bm_b,hit
270,1,NDI/NDI_emitter -> BM_meter/bm_c,hit
270,1,NDI/NDI_emitter -> BM_meter/bm_d,hit
270,1,NDI/NDI_emitter -> EM/em_a,hit
270,1,NDI/NDI_emitter -> EM/em_b,hit
270,1,NDI/NDI_emitter -> EM/em_c,hit
270,1,NDI/NDI_emitter -> EM/em_d,hit
270,1,NDI/NDI_emitter -> FM/fm_a,hit
270,1,NDI/NDI_emitter -> FM/fm_b,hit
270,1,NDI/NDI_emitter -> FM/fm_c,hit
270,1,NDI/NDI_emitter -> FM/fm_d,hit
270,1,NDI/NDI_emitter -> UM/um_a,hit
270,1,NDI/NDI_emitter -> UM/um_b,hit
270,1,NDI/NDI_emitter -> UM/um_c,hit
270,1,NDI/NDI_emitter -> UM/um_d,hit
270,1,NDI/NDI_left_sensor -> BM_meter/bm_a,hit
270,1,NDI/NDI_left_sensor -> BM_meter/bm_b,hit
270,1,NDI/NDI_left_sensor -> BM_meter/bm_c,hit
270,1,NDI/NDI_left_sensor -> BM_meter/bm_d,hit
270,1,NDI/NDI_left_sensor -> EM/em_a,hit
270,1,NDI/NDI_left_sensor -> EM/em_b,hit
270,1,NDI/NDI_left_sensor -> EM/em_c,hit
270,1,NDI/NDI_left_sensor -> EM/em_d,hit
270,1,NDI/NDI_left_sensor -> FM/fm_a,hit
270,1,NDI/NDI_left_sensor -> FM/fm_b,hit
270,1,NDI/NDI_left_sensor -> FM/fm_c,hit
270,1,NDI/NDI_left_sensor -> FM/fm_d,hit
270,1,NDI/NDI_left_sensor -> UM/um_a,hit
270,1,NDI/NDI_left_sensor -> UM/um_b,hit
270,1,NDI/NDI_left_sensor -> UM/um_c,hit
270,1,NDI/NDI_left_sensor -> UM/um_d,hit
270,1,NDI/NDI_right_sensor -> BM_meter/bm_a,hit
270,1,NDI/NDI_right_sensor -> BM_meter/bm_b,hit
270,1,NDI/NDI_right_sensor -> BM_meter/bm_c,hit
270,1,NDI/NDI_right_sensor -> BM_meter/bm_d,hit
270,1,NDI/NDI_right_sensor -> EM/em_a,hit
270,1,NDI/NDI_right_sensor -> EM/em_b,hit
270,1,NDI/NDI_right_sensor -> EM/em_c,hit
270,1,NDI/NDI_right_sensor -> EM/em_d,hit
270,1,NDI/NDI_right_sensor -> FM/fm_a,hit
270,1,NDI/NDI_right_sensor -> FM/fm_b,hit
270,1,NDI/NDI_right_sensor -> FM/fm_c,hit
270,1,NDI/NDI_right_sensor -> FM/fm_d,hit
270,1,NDI/NDI_right_sensor -> UM/um_a,hit
270,1,NDI/NDI_right_sensor -> UM/um_b,hit
270,1,NDI/NDI_right_sensor -> UM/um_c,hit
270,1,NDI/NDI_right_sensor -> UM/um_d,hit
280,1,NDI/NDI_emitter -> BM_meter/bm_a,hit
280,1,NDI/NDI_emitter -> BM_meter/bm_b,hit
280,1,NDI/NDI_emitter -> BM_meter/bm_c,hit
280,1,NDI/NDI_emitter -> BM_meter/bm_d,hit
280,1,NDI/NDI_emitter -> EM/em_a,hit
280,1,NDI/NDI_emitter -> EM/em_b,hit
280,1,NDI/NDI_emitter -> EM/em_c,hit
280,1,NDI/NDI_emitter -> EM/em_d,hit
280,1,NDI/NDI_emitter -> FM/fm_a,hit
280,1,NDI/NDI_emitter -> FM/fm_b,hit
280,1,NDI/NDI_emitter -> FM/fm_c,hit
280,1,NDI/NDI_emitter -> FM/fm_d,hit
280,1,NDI/NDI_emitter -> UM/um_a,hit
280,1,NDI/NDI_emitter -> UM/um_b,hit
280,1,NDI/NDI_emitter -> UM/um_c,hit
280,1,NDI/NDI_emitter -> UM/um_d,hit
280,1,NDI/NDI_left_sensor -> BM_meter/bm_a,hit
280,1,NDI/NDI_left_sensor -> BM_meter/bm_b,hit
280,1,NDI/NDI_left_sensor -> BM_meter/bm_c,hit
280,1,NDI/NDI_left_sensor -> BM_meter/bm_d,hit
280,1,NDI/NDI_left_sensor -> EM/em_a,hit
280,1,NDI/NDI_left_sensor -> EM/em_b,hit
280,1,NDI/NDI_left_sensor -> EM/em_c,hit
280,1,NDI/NDI_left_sensor -> EM/em_d,hit
280,1,NDI/NDI_left_sensor -> FM/fm_a,hit
280,1,NDI/NDI_left_sensor -> FM/fm_b,hit
280,1,NDI/NDI_left_sensor -> FM/fm_c,hit
280,1,NDI/NDI_left_sensor -> FM/fm_d,hit
280,1,NDI/NDI_left_sensor -> UM/um_a,hit
280,1,NDI/NDI_left_sensor -> UM/um_b,hit
280,1,NDI/NDI_left_sensor -> UM/um_c,hit
280,1,NDI/NDI_left_sensor -> UM/um_d,hit
280,1,NDI/NDI_right_sensor -> BM_meter/bm_a,hit
280,1,NDI/NDI_right_sensor -> BM_meter/bm_b,hit
280,1,NDI/NDI_right_sensor -> BM_meter/bm_c,hit
280,1,NDI/NDI_right_sensor -> BM_meter/bm_d,hit
280,1,NDI/NDI_right_sensor -> EM/em_a,hit
280,1,NDI/NDI_right_sensor -> EM/em_b,hit
280,1,NDI/NDI_right_sensor -> EM/em_c,hit
280,1,NDI/NDI_right_sensor -> EM/em_d,hit
280,1,NDI/NDI_right_sensor -> FM/fm_a,hit
280,1,NDI/NDI_right_sensor -> FM/fm_b,hit
280,1,NDI/NDI_right_sensor -> FM/fm_c,hit
280,1,NDI/NDI_right_sensor -> FM/fm_d,hit
280,1,NDI/NDI_right_sensor -> UM/um_a,hit
280,1,NDI/NDI_right_sensor -> UM/um_b,hit
280,1,NDI/NDI_right_sensor -> UM/um_c,hit
280,1,NDI/NDI_right_sensor -> UM/um_d,hit
290,1,NDI/NDI_emitter -> BM_meter/bm_a,hit
290,1,NDI/NDI_emitter -> BM_meter/bm_b,hit
290,1,NDI/NDI_emitter -> BM_meter/bm_c,hit
290,1,NDI/NDI_emitter -> BM_meter/bm_d,hit
290,1,NDI/NDI_emitter -> EM/em_a,hit
290,1,NDI/NDI_emitter -> EM/em_b,hit
290,1,NDI/NDI_emitter -> EM/em_c,hit
290,1,NDI/NDI_emitter -> EM/em_d,hit
290,1,NDI/NDI_emitter -> FM/fm_a,hit
290,1,NDI/NDI_emitter -> FM/fm_b,hit
290,1,NDI/NDI_emitter -> FM/fm_c,hit
290,1,NDI/NDI_emitter -> FM/fm_d,hit
290,1,NDI/NDI_emitter -> UM/um_a,hit
290,1,NDI/NDI_emitter -> UM/um_b,hit
290,1,NDI/NDI_emitter -> UM/um_c,hit
290,1,NDI/NDI_emitter -> UM/um_d,hit
290,1,NDI/NDI_left_sensor -> BM_meter/bm_a,hit
290,1,NDI/NDI_left_sensor -> BM_meter/bm_b,hit
290,1,NDI/NDI_left_sensor -> BM_meter/bm_c,hit
290,1,NDI/NDI_left_sensor -> BM_meter/bm_d,hit
290,1,NDI/NDI_left_sensor -> EM/em_a,hit
290,1,NDI/NDI_left_sensor -> EM/em_b,hit
290,1,NDI/NDI_left_sensor -> EM/em_c,hit
290,1,NDI/NDI_left_sensor -> EM/em_d,hit
290,1,NDI/NDI_left_sensor -> FM/fm_a,hit
290,1,NDI/NDI_left_sensor -> FM/fm_b,hit
290,1,NDI/NDI_left_sensor -> FM/fm_c,hit
290,1,NDI/NDI_left_sensor -> FM/fm_d,hit
290,1,NDI/NDI_left_sensor -> UM/um_a,hit
290,1,NDI/NDI_left_sensor -> UM/um_b,hit
290,1,NDI/NDI_left_sensor -> UM/um_c,hit
290,1,NDI/NDI_left_sensor -> UM/um_d,hit
290,1,NDI/NDI_right_sensor -> BM_meter/bm_a,hit
290,1,NDI/NDI_right_sensor -> BM_meter/bm_b,hit
290,1,NDI/NDI_right_sensor -> BM_meter/bm_c,hit
290,1,NDI/NDI_right_sensor -> BM_meter/bm_d,hit
290,1,NDI/NDI_right_sensor -> EM/em_a,hit
290,1,NDI/NDI_right_sensor -> EM/em_b,hit
290,1,NDI/NDI_right_sensor -> EM/em_c,hit
290,1,NDI/NDI_right_sensor -> EM/em_d,hit
290,1,NDI/NDI_right_sensor -> FM/fm_a,hit
290,1,NDI/NDI_right_sensor -> FM/fm_b,hit
290,1,NDI/NDI_right_sensor -> FM/fm_c,hit
290,1,NDI/NDI_right_sensor -> FM/fm_d,hit
290,1,NDI/NDI_right_sensor -> UM/um_a,hit
290,1,NDI/NDI_right_sensor -> UM/um_b,hit
290,1,NDI/NDI_right_sensor -> UM/um_c,hit
290,1,NDI/NDI_right_sensor -> UM/um_d,hit
300,1,NDI/NDI_emitter -> BM_meter/bm_a,not_in_volume
300,1,NDI/NDI_emitter -> BM_meter/bm_b,not_in_volume
300,1,NDI/NDI_emitter -> BM_meter/bm_c,not_in_volume
300,1,NDI/NDI_emitter -> BM_meter/bm_d,not_in_volume
300,1,NDI/NDI_emitter -> EM/em_a,not_in_volume
300,1,NDI/NDI_emitter -> EM/em_b,not_in_volume
300,1,NDI/NDI_emitter -> EM/em_c,not_in_volume
300,1,NDI/NDI_emitter -> EM/em_d,not_in_volume
300,1,NDI/NDI_emitter -> FM/fm_a,hit
300,1,NDI/NDI_emitter -> FM/fm_b,hit
300,1,NDI/NDI_emitter -> FM/fm_c,hit
300,1,NDI/NDI_emitter -> FM/fm_d,hit
300,1,NDI/NDI_emitter -> UM/um_a,hit
300,1,NDI/NDI_emitter -> UM/um_b,hit
300,1,NDI/NDI_emitter -> UM/um_c,hit
300,1,NDI/NDI_emitter -> UM/um_d,hit
300,1,NDI/NDI_left_sensor -> BM_meter/bm_a,not_in_volume
300,1,NDI/NDI_left_sensor -> BM_meter/bm_b,not_in_volume
300,1,NDI/NDI_left_sensor -> BM_meter/bm_c,not_in_volume
300,1,NDI/NDI_left_sensor -> BM_meter/bm_d,not_in_volume
300,1,NDI/NDI_left_sensor -> EM/em_a,not_in_volume
300,1,NDI/NDI_left_sensor -> EM/em_b,not_in_volume
300,1,NDI/NDI_left_sensor -> EM/em_c,not_in_volume
300,1,NDI/NDI_left_sensor -> EM/em_d,not_in_volume
300,1,NDI/NDI_left_sensor -> FM/fm_a,hit
300,1,NDI/NDI_left_sensor -> FM/fm_b,hit
300,1,NDI/NDI_left_sensor -> FM/fm_c,hit
300,1,NDI/NDI_left_sensor -> FM/fm_d,hit
300,1,NDI/NDI_left_sensor -> UM/um_a,hit
300,1,NDI/NDI_left_sensor -> UM/um_b,hit
300,1,NDI/NDI_left_sensor -> UM/um_c,hit
300,1,NDI/NDI_left_sensor -> UM/um_d,hit
300,1,NDI/NDI_right_sensor -> BM_meter/bm_a,not_in_volume
300,1,NDI/NDI_right_sensor -> BM_meter/bm_b,not_in_volume
300,1,NDI/NDI_right_sensor -> BM_meter/bm_c,not_in_volume
300,1,NDI/NDI_right_sensor -> BM_meter/bm_d,not_in_volume
300,1,NDI/NDI_right_sensor -> EM/em_a,not_in_volume
300,1,NDI/NDI_right_sensor -> EM/em_b,not_in_volume
300,1,NDI/NDI_right_sensor -> EM/em_c,not_in_volume
300,1,NDI/NDI_right_sensor -> EM/em_d,not_in_volume
300,1,NDI/NDI_right_sensor -> FM/fm_a,hit
300,1,NDI/NDI_right_sensor -> FM/fm_b,hit
300,1,NDI/NDI_right_sensor -> FM/fm_c,hit
300,1,NDI/NDI_right_sensor -> FM/fm_d,hit
300,1,NDI/NDI_right_sensor -> UM/um_a,hit
300,1,NDI/NDI_right_sensor -> UM/um_b,hit
300,1,NDI/NDI_right_sensor -> UM/um_c,hit
300,1,NDI/NDI_right_sensor -> UM/um_d,hit
